title,div,index_paragraph,index_annotation,mention,mention_without_space,concept,start,end,annotation_lang,score,category
FabulaeAesopiae,prologus,prologus.1,prologus.1.0_en,AESOPUS,AESOPUS,http://dbpedia.org/resource/Clodius_Aesopus,8,9,en,0.9963052044688494,
FabulaeAesopiae,prologus,prologus.3,prologus.3.0_it,i sorrisi,i_sorrisi,http://it.dbpedia.org/resource/I_Sorrisi,30,32,it,0.9999999997811244,
FabulaeAesopiae,1,1.6,1.6.0_en,lupus,lupus,http://dbpedia.org/resource/Systemic_lupus_erythematosus,48,50,en,0.9264757752477663,"Wikidata:Q12136,DBpedia:Disease"
FabulaeAesopiae,1,1.12,1.12.0_it,innocenti,innocenti,http://it.dbpedia.org/resource/Innocenti,35,37,it,0.9979077698901074,
FabulaeAesopiae,2,2.1,2.1.0_it,Atene,Atene,http://it.dbpedia.org/resource/Atene,8,9,it,0.9993524917157165,
FabulaeAesopiae,2,2.1,2.1.0_en,Athens,Athens,http://dbpedia.org/resource/Athens,8,9,en,0.9959183632155869,"Wikidata:Q515,Wikidata:Q486972,Schema:Place,Schema:City,DBpedia:Settlement,DBpedia:PopulatedPlace,DBpedia:Place,DBpedia:Location,DBpedia:City"
FabulaeAesopiae,2,2.4,2.4.0_it,pisistrato,pisistrato,http://it.dbpedia.org/resource/Pisistrato,39,41,it,0.9999999858247862,
FabulaeAesopiae,2,2.4,2.4.0_en,tyrant,tyrant,http://dbpedia.org/resource/Tyrant,21,23,en,0.9999999996335021,
FabulaeAesopiae,2,2.4,2.4.1_en,pisistratus,pisistratus,http://dbpedia.org/resource/Peisistratos,36,38,en,0.999999999739174,"Http://xmlns.com/foaf/0.1/Person,Wikidata:Q82955,Wikidata:Q5,Wikidata:Q24229398,Wikidata:Q215627,DUL:NaturalPerson,DUL:Agent,Schema:Person,DBpedia:Person,DBpedia:Agent,DBpedia:Politician"
FabulaeAesopiae,2,2.8,2.8.0_en,AESOPUS,AESOPUS,http://dbpedia.org/resource/Clodius_Aesopus,8,9,en,0.9814452202976162,
FabulaeAesopiae,2,2.9,2.9.0_it,Giove,Giove,http://it.dbpedia.org/resource/Giove_(astronomia),36,38,it,0.7689802691605153,
FabulaeAesopiae,2,2.9,2.9.0_en,Jupiter,Jupiter,http://dbpedia.org/resource/Jupiter,36,38,en,0.9966343762397367,"Wikidata:Q634,Schema:Place,DBpedia:Place,DBpedia:Location,DBpedia:CelestialBody,DBpedia:Planet"
FabulaeAesopiae,2,2.11,2.11.0_it,padre degli dei,padre_degli_dei,http://it.dbpedia.org/resource/Zeus,11,13,it,0.99999999997695,
FabulaeAesopiae,2,2.13,2.13.0_it,limousine,limousine,http://it.dbpedia.org/resource/Limousine,26,28,it,0.9999991435429195,
FabulaeAesopiae,2,2.14,2.14.0_it,stagno,stagno,http://it.dbpedia.org/resource/Stagno_(elemento_chimico),35,37,it,0.9362704358995917,
FabulaeAesopiae,2,2.14,2.14.0_en,tacite,tacite,http://dbpedia.org/resource/Tacitus,17,19,en,0.9999997308208257,"Http://xmlns.com/foaf/0.1/Person,Wikidata:Q5,Wikidata:Q36180,Wikidata:Q24229398,Wikidata:Q215627,DUL:NaturalPerson,DUL:Agent,Schema:Person,DBpedia:Person,DBpedia:Agent,DBpedia:Writer"
FabulaeAesopiae,2,2.14,2.14.1_en,caput,caput,http://dbpedia.org/resource/Caput,40,42,en,0.9898512035379549,
FabulaeAesopiae,2,2.16,2.16.0_en,adhesive,adhesive,http://dbpedia.org/resource/Adhesive,40,42,en,0.9865850382793784,
FabulaeAesopiae,2,2.18,2.18.0_it,Giove,Giove,http://it.dbpedia.org/resource/Giove_(astronomia),44,46,it,0.7317034261471062,
FabulaeAesopiae,2,2.18,2.18.0_en,Jupiter,Jupiter,http://dbpedia.org/resource/Jupiter,40,42,en,0.9962176086867841,"Wikidata:Q634,Schema:Place,DBpedia:Place,DBpedia:Location,DBpedia:CelestialBody,DBpedia:Planet"
FabulaeAesopiae,2,2.20,2.20.0_en,waterfall,waterfall,http://dbpedia.org/resource/Waterfall,28,30,en,0.9997128211932063,
FabulaeAesopiae,2,2.22,2.22.0_it,mercurio,mercurio,http://it.dbpedia.org/resource/Mercurio_(elemento_chimico),46,48,it,0.7653166687445861,
FabulaeAesopiae,2,2.22,2.22.1_it,Zeus,Zeus,http://it.dbpedia.org/resource/Zeus,57,59,it,0.9999752200246976,
FabulaeAesopiae,2,2.22,2.22.0_en,mercury,mercury,http://dbpedia.org/resource/Mercury_(element),32,34,en,0.8244451841310225,"Wikidata:Q11173,DUL:ChemicalObject,DBpedia:ChemicalSubstance,DBpedia:ChemicalCompound"
FabulaeAesopiae,2,2.22,2.22.1_en,Zeus,Zeus,http://dbpedia.org/resource/Zeus,52,54,en,0.9999228752412171,
FabulaeAesopiae,2,2.24,2.24.0_en,bear,bear,http://dbpedia.org/resource/Bear,29,31,en,0.9899726547562944,
FabulaeAesopiae,2,2.24,2.24.0_en,Bad,Bad,http://dbpedia.org/resource/Spa_town,8,9,en,0.8478652458778255,
FabulaeAesopiae,3,3.3,3.3.0_en,AESOPUS,AESOPUS,http://dbpedia.org/resource/Clodius_Aesopus,8,9,en,0.9978389132602655,
FabulaeAesopiae,3,3.13,3.13.0_it,tua,tua,http://it.dbpedia.org/resource/Ferrovia_del_Tua,58,60,it,0.9941560939750937,
FabulaeAesopiae,4,4.2,4.2.0_en,dog,dog,http://dbpedia.org/resource/Dog,12,14,en,0.9999785146673762,
FabulaeAesopiae,4,4.2,4.2.1_en,swimmer,swimmer,http://dbpedia.org/resource/Swimming_(sport),49,51,en,0.6491007959887,"Wikidata:Q349,Wikidata:Q1914636,Http://www.ontologydesignpatterns.org/ont/d0.owl#Activity,DBpedia:Activity,DBpedia:Sport"
FabulaeAesopiae,4,4.3,4.3.0_en,mirror,mirror,http://dbpedia.org/resource/Mirror,22,24,en,0.9980859620613272,
FabulaeAesopiae,5,5.4,5.4.0_en,deer,deer,http://dbpedia.org/resource/Deer,28,30,en,0.9935713456269609,
FabulaeAesopiae,5,5.5,5.5.0_it,dice,dice,http://it.dbpedia.org/resource/Digital_Illusions_Creative_Entertainment,11,13,it,0.9997434948813199,
FabulaeAesopiae,6,6.2,6.2.0_en,AESOPUS,AESOPUS,http://dbpedia.org/resource/Aesop,8,9,en,0.9889708922053637,"Http://xmlns.com/foaf/0.1/Person,Wikidata:Q5,Wikidata:Q36180,Wikidata:Q24229398,Wikidata:Q215627,DUL:NaturalPerson,DUL:Agent,Schema:Person,DBpedia:Person,DBpedia:Agent,DBpedia:Writer"
FabulaeAesopiae,6,6.2,6.2.1_en,continuo,continuo,http://dbpedia.org/resource/Figured_bass,20,22,en,0.99999999999973,
FabulaeAesopiae,6,6.4,6.4.0_it,rana,rana,http://it.dbpedia.org/resource/Anura,24,26,it,0.9928387720234488,
FabulaeAesopiae,6,6.4,6.4.0_en,frog,frog,http://dbpedia.org/resource/Frog,25,27,en,0.9999613822464666,
FabulaeAesopiae,6,6.4,6.4.0_it,Giove,Giove,http://it.dbpedia.org/resource/Giove_(astronomia),23,25,it,0.7657154506439129,
FabulaeAesopiae,6,6.4,6.4.0_en,Jupiter,Jupiter,http://dbpedia.org/resource/Jupiter,28,30,en,0.996388598996728,"Wikidata:Q634,Schema:Place,DBpedia:Place,DBpedia:Location,DBpedia:CelestialBody,DBpedia:Planet"
FabulaeAesopiae,6,6.5,6.5.0_it,stagno,stagno,http://it.dbpedia.org/resource/Stagno_(elemento_chimico),37,39,it,0.9362704358995917,
FabulaeAesopiae,6,6.6,6.6.0_it,dice,dice,http://it.dbpedia.org/resource/Digital_Illusions_Creative_Entertainment,12,14,it,0.9997819080177066,
FabulaeAesopiae,8,8.2,8.2.0_it,peccato,peccato,http://it.dbpedia.org/resource/Peccato,21,23,it,0.9998126169562663,
FabulaeAesopiae,8,8.7,8.7.0_it,collo,collo,http://it.dbpedia.org/resource/Collo,37,39,it,0.9999967568582956,
FabulaeAesopiae,8,8.7,8.7.0_en,gluttony,gluttony,http://dbpedia.org/resource/Gluttony,12,14,en,0.999999857177126,
FabulaeAesopiae,8,8.8,8.8.0_en,medicine,medicine,http://dbpedia.org/resource/Medicine,23,25,en,0.9961512232244579,"Wikidata:Q930752,DBpedia:MedicalSpecialty"
FabulaeAesopiae,9,9.3,9.3.0_it,aquila,aquila,http://it.dbpedia.org/resource/Aquila,20,22,it,0.9033095724037844,
FabulaeAesopiae,9,9.7,9.7.0_it,coniglio,coniglio,http://it.dbpedia.org/resource/Coniglio,45,47,it,0.9930840534007487,
FabulaeAesopiae,10,10.3,10.3.1_en,AEsop,AEsop,http://dbpedia.org/resource/Aesop,36,38,en,0.8971475048910159,"Http://xmlns.com/foaf/0.1/Person,Wikidata:Q5,Wikidata:Q36180,Wikidata:Q24229398,Wikidata:Q215627,DUL:NaturalPerson,DUL:Agent,Schema:Person,DBpedia:Person,DBpedia:Agent,DBpedia:Writer"
FabulaeAesopiae,10,10.8,10.8.0_en,stollen,stollen,http://dbpedia.org/resource/Stollen,25,27,en,0.9999998341266401,"Wikidata:Q2095,DBpedia:Food"
FabulaeAesopiae,11,11.1,11.1.0_it,Potenza,Potenza,http://it.dbpedia.org/resource/Potenza_(Italia),8,9,it,0.6057967757407006,
FabulaeAesopiae,11,11.6,11.6.0_it,grido,grido,http://it.dbpedia.org/resource/Grido_(rapper),11,13,it,0.9925532912870677,
FabulaeAesopiae,11,11.7,11.7.0_it,miracolo,miracolo,http://it.dbpedia.org/resource/Miracolo,11,13,it,0.9981960947027552,
FabulaeAesopiae,11,11.8,11.8.0_it,Il leone,Il_leone,http://it.dbpedia.org/resource/Il_leone,8,9,it,0.9999999945708282,
FabulaeAesopiae,11,11.11,11.11.0_it,tua,tua,http://it.dbpedia.org/resource/Ferrovia_del_Tua,31,33,it,0.9931897232946849,
FabulaeAesopiae,12,12.3,12.3.0_en,deer,deer,http://dbpedia.org/resource/Deer,22,24,en,0.993796204507634,
FabulaeAesopiae,12,12.5,12.5.0_it,briciole,briciole,http://it.dbpedia.org/resource/Briciole_filosofiche,21,23,it,0.9907203457740371,
FabulaeAesopiae,13,13.3,13.3.0_en,raven,raven,http://dbpedia.org/resource/Raven,24,26,en,0.9642290766328175,
FabulaeAesopiae,13,13.3,13.3.1_en,raven,raven,http://dbpedia.org/resource/Raven,37,39,en,0.9642290766328175,
FabulaeAesopiae,13,13.3,13.3.2_en,cheese,cheese,http://dbpedia.org/resource/Cheese,43,45,en,0.9999358955429498,
FabulaeAesopiae,13,13.4,13.4.0_it,Fox,Fox,http://it.dbpedia.org/resource/Fox,8,9,it,0.951037304944954,
FabulaeAesopiae,13,13.8,13.8.0_en,cheese,cheese,http://dbpedia.org/resource/Cheese,34,36,en,0.9999594536870375,
FabulaeAesopiae,14,14.1,14.1.0_en,Bad,Bad,http://dbpedia.org/resource/Spa_town,8,9,en,0.7340352563872375,
FabulaeAesopiae,14,14.2,14.2.0_en,medicine,medicine,http://dbpedia.org/resource/Medicine,10,12,en,0.9953062166564849,"Wikidata:Q930752,DBpedia:MedicalSpecialty"
FabulaeAesopiae,14,14.5,14.5.0_en,city,city,http://dbpedia.org/resource/City,20,22,en,0.8094219201086327,
FabulaeAesopiae,15,15.4,15.4.0_en,meadow,meadow,http://dbpedia.org/resource/Meadow,12,14,en,0.9977423477193474,
FabulaeAesopiae,15,15.4,15.4.0_it,grido,grido,http://it.dbpedia.org/resource/Grido_(rapper),13,15,it,0.9925532912870677,
FabulaeAesopiae,16,16.3,16.3.0_en,deer,deer,http://dbpedia.org/resource/Deer,25,27,en,0.9897779231354963,
FabulaeAesopiae,16,16.3,16.3.1_en,wheat,wheat,http://dbpedia.org/resource/Wheat,40,42,en,0.9999981294097909,
FabulaeAesopiae,16,16.4,16.4.0_it,Stupro,Stupro,http://it.dbpedia.org/resource/Violenza_sessuale,8,9,it,0.9999994677503135,
FabulaeAesopiae,17,17.1,17.1.0_en,sorcerer,sorcerer,http://dbpedia.org/resource/Witchcraft,63,65,en,0.8441893996883355,
FabulaeAesopiae,17,17.2,17.2.0_en,dog,dog,http://dbpedia.org/resource/Dog,50,52,en,0.9999476091922662,
FabulaeAesopiae,17,17.3,17.3.0_it,pane,pane,http://it.dbpedia.org/resource/Pane,21,23,it,0.9997933709342819,
FabulaeAesopiae,18,18.6,18.6.0_it,to,to,http://it.dbpedia.org/resource/Torino,12,14,it,0.7868552405648304,
FabulaeAesopiae,18,18.6,18.6.0_en,Bad,Bad,http://dbpedia.org/resource/Spa_town,8,9,en,0.7668958970687576,
FabulaeAesopiae,19,19.3,19.3.0_en,dog,dog,http://dbpedia.org/resource/Dog,12,14,en,0.9999222554128855,
FabulaeAesopiae,19,19.4,19.4.0_it,allevamento,allevamento,http://it.dbpedia.org/resource/Allevamento,12,14,it,0.9999405533278565,
FabulaeAesopiae,21,21.4,21.4.0_it,Il leone,Il_leone,http://it.dbpedia.org/resource/Il_leone,8,9,it,0.9999999945708282,
FabulaeAesopiae,21,21.4,21.4.0_it,cinghiale,cinghiale,http://it.dbpedia.org/resource/Sus_scrofa,11,13,it,0.9998659467276741,
FabulaeAesopiae,21,21.4,21.4.0_en,boar,boar,http://dbpedia.org/resource/Wild_boar,12,14,en,0.9997098234242316,
FabulaeAesopiae,21,21.10,21.10.0_en,bear,bear,http://dbpedia.org/resource/Bear,33,35,en,0.9884466292977709,
FabulaeAesopiae,22,22.1,22.1.0_en,Mustela,Mustela,http://dbpedia.org/resource/Weasel,8,9,en,0.9999998588989698,
FabulaeAesopiae,22,22.2,22.2.0_it,dice,dice,http://it.dbpedia.org/resource/Digital_Illusions_Creative_Entertainment,42,44,it,0.9997884536581979,
FabulaeAesopiae,22,22.4,22.4.0_it,fai,fai,http://it.dbpedia.org/resource/Fondo_Ambiente_Italiano,33,35,it,0.7823229417013933,
FabulaeAesopiae,22,22.8,22.8.0_it,dice,dice,http://it.dbpedia.org/resource/Digital_Illusions_Creative_Entertainment,15,17,it,0.9997591693222845,
FabulaeAesopiae,23,23.1,23.1.0_it,liberale,liberale,http://it.dbpedia.org/resource/Liberalismo,24,26,it,0.9925343113206525,
FabulaeAesopiae,23,23.4,23.4.0_it,dice,dice,http://it.dbpedia.org/resource/Digital_Illusions_Creative_Entertainment,12,14,it,0.9997000593158631,
FabulaeAesopiae,23,23.5,23.5.0_en,Rama,Rama,http://dbpedia.org/resource/Rama,22,24,en,0.9999148720283924,
FabulaeAesopiae,24,24.1,24.1.0_it,idrogeno,idrogeno,http://it.dbpedia.org/resource/Idrogeno,10,12,it,0.9999685755147316,
FabulaeAesopiae,24,24.2,24.2.0_it,mucca,mucca,http://it.dbpedia.org/resource/Bos_taurus,35,37,it,0.9797247014952417,
FabulaeAesopiae,24,24.2,24.2.0_en,meadow,meadow,http://dbpedia.org/resource/Meadow,15,17,en,0.9966981974510711,
FabulaeAesopiae,24,24.2,24.2.1_en,cow,cow,http://dbpedia.org/resource/Cattle,40,42,en,0.9997905876967047,
FabulaeAesopiae,24,24.4,24.4.0_it,mucca,mucca,http://it.dbpedia.org/resource/Bos_taurus,25,27,it,0.9798863986162065,
FabulaeAesopiae,24,24.4,24.4.0_en,cow,cow,http://dbpedia.org/resource/Cattle,22,24,en,0.9994982140285659,
FabulaeAesopiae,24,24.7,24.7.0_en,ox,ox,http://dbpedia.org/resource/Ox,34,36,en,0.8852974383967186,
FabulaeAesopiae,25,25.2,25.2.0_it,tua,tua,http://it.dbpedia.org/resource/Ferrovia_del_Tua,19,21,it,0.9931897232946849,
FabulaeAesopiae,25,25.3,25.3.0_it,Nilo,Nilo,http://it.dbpedia.org/resource/Nilo,40,42,it,0.9999784343165989,
FabulaeAesopiae,25,25.3,25.3.0_en,Nile,Nile,http://dbpedia.org/resource/Nile,33,35,en,0.99900357638922,"Wikidata:Q47521,Wikidata:Q4022,Schema:RiverBodyOfWater,Schema:Place,Schema:BodyOfWater,DBpedia:Stream,DBpedia:Place,DBpedia:NaturalPlace,DBpedia:Location,DBpedia:BodyOfWater,DBpedia:River"
FabulaeAesopiae,25,25.4,25.4.0_en,dog,dog,http://dbpedia.org/resource/Dog,28,30,en,0.9999080686186614,
FabulaeAesopiae,25,25.4,25.4.1_en,dog,dog,http://dbpedia.org/resource/Dog,35,37,en,0.9999080686186614,
FabulaeAesopiae,26,26.3,26.3.0_it,Fox,Fox,http://it.dbpedia.org/resource/Fox,8,9,it,0.9124464112876267,
FabulaeAesopiae,26,26.4,26.4.0_en,soup,soup,http://dbpedia.org/resource/Soup,24,26,en,0.9990970344187251,"Wikidata:Q2095,DBpedia:Food"
FabulaeAesopiae,26,26.5,26.5.0_en,candle,candle,http://dbpedia.org/resource/Candle,25,27,en,0.9999576987409934,
FabulaeAesopiae,26,26.8,26.8.0_it,collo,collo,http://it.dbpedia.org/resource/Collo,19,21,it,0.9999772203936717,
FabulaeAesopiae,26,26.9,26.9.0_it,uccello,uccello,http://it.dbpedia.org/resource/Aves,25,27,it,0.9999989732356638,
FabulaeAesopiae,26,26.9,26.9.0_en,bird,bird,http://dbpedia.org/resource/Bird,35,37,en,0.9999110396837161,
FabulaeAesopiae,27,27.7,27.7.0_it,avvoltoio,avvoltoio,http://it.dbpedia.org/resource/Avvoltoio,50,52,it,0.988733550680304,
FabulaeAesopiae,27,27.7,27.7.0_en,vulture,vulture,http://dbpedia.org/resource/Vulture,53,55,en,0.9875342607337052,"Wikidata:Q729,Wikidata:Q19088,DBpedia:Species,DBpedia:Eukaryote,DBpedia:Animal,DBpedia:Bird"
FabulaeAesopiae,27,27.8,27.8.0_en,dog,dog,http://dbpedia.org/resource/Dog,25,27,en,0.9937359193930383,
FabulaeAesopiae,28,28.3,28.3.0_it,I cuccioli,I_cuccioli,http://it.dbpedia.org/resource/Vince_Tempera,8,9,it,0.999999999671985,
FabulaeAesopiae,28,28.3,28.3.1_it,Eagle,Eagle,http://it.dbpedia.org/resource/Anglo_American_Racers,31,33,it,0.7711555318210923,
FabulaeAesopiae,28,28.8,28.8.0_it,Il nemico,Il_nemico,http://it.dbpedia.org/resource/Il_nemico_(Child),8,9,it,0.9825321983658012,
FabulaeAesopiae,29,29.4,29.4.0_en,APRO,APRO,http://dbpedia.org/resource/Aerial_Phenomena_Research_Organization,15,17,en,0.9637025446505045,
FabulaeAesopiae,29,29.4,29.4.0_it,dice,dice,http://it.dbpedia.org/resource/Digital_Illusions_Creative_Entertainment,13,15,it,0.9999718182271293,
FabulaeAesopiae,29,29.6,29.6.0_it,Asino,Asino,http://it.dbpedia.org/resource/Equus_africanus_asinus,8,9,it,0.9843752150596748,
FabulaeAesopiae,29,29.8,29.8.0_it,cinghiale,cinghiale,http://it.dbpedia.org/resource/Sus_scrofa,11,13,it,0.9995300427681125,
FabulaeAesopiae,29,29.8,29.8.0_en,boar,boar,http://dbpedia.org/resource/Wild_boar,10,12,en,0.9990672825510879,
FabulaeAesopiae,30,30.2,30.2.0_it,rana,rana,http://it.dbpedia.org/resource/Anura,11,13,it,0.9607200134793435,
FabulaeAesopiae,30,30.2,30.2.0_en,frog,frog,http://dbpedia.org/resource/Frog,12,14,en,0.999732283684173,
FabulaeAesopiae,30,30.2,30.2.1_en,swamp,swamp,http://dbpedia.org/resource/Swamp,24,26,en,0.9996651627506774,
FabulaeAesopiae,30,30.5,30.5.0_it,vivere,vivere,http://it.dbpedia.org/resource/Vivere_(soap_opera),28,30,it,0.9025904839461426,
FabulaeAesopiae,31,31.4,31.4.0_en,fallacy,fallacy,http://dbpedia.org/resource/Fallacy,49,51,en,0.996660250475735,
FabulaeAesopiae,31,31.6,31.6.0_en,anxiety,anxiety,http://dbpedia.org/resource/Anxiety,37,39,en,0.9855154326452017,"Wikidata:Q12136,DBpedia:Disease"
FabulaeAesopiae,prologus,prologus.1,prologus.1.0_en,Aesop,Aesop,http://dbpedia.org/resource/Aesop,30,32,en,0.9514263189728966,"Http://xmlns.com/foaf/0.1/Person,Wikidata:Q5,Wikidata:Q36180,Wikidata:Q24229398,Wikidata:Q215627,DUL:NaturalPerson,DUL:Agent,Schema:Person,DBpedia:Person,DBpedia:Agent,DBpedia:Writer"
FabulaeAesopiae,prologus,prologus.4,prologus.4.0_it,industria,industria,http://it.dbpedia.org/resource/Industria,25,27,it,0.9983470048633906,
FabulaeAesopiae,prologus,prologus.5,prologus.5.0_it,orecchio,orecchio,http://it.dbpedia.org/resource/Orecchio,17,19,it,0.999893658049012,
FabulaeAesopiae,prologus,prologus.12,prologus.12.0_it,modesto,modesto,http://it.dbpedia.org/resource/Modesto_e_Crescenzia,11,13,it,0.9157240923940626,
FabulaeAesopiae,1,1.2,1.2.0_en,The spoiler,The_spoiler,http://dbpedia.org/resource/The_Spoiler_(wrestler),8,9,en,0.9690608479600652,"Http://xmlns.com/foaf/0.1/Person,Wikidata:Q5,Wikidata:Q24229398,Wikidata:Q215627,Wikidata:Q13474373,DUL:NaturalPerson,DUL:Agent,Schema:Person,DBpedia:Person,DBpedia:Athlete,DBpedia:Agent,DBpedia:Wrestler"
FabulaeAesopiae,1,1.3,1.3.0_it,do,do,http://it.dbpedia.org/resource/Do_(nota),11,13,it,0.9942581072609373,
FabulaeAesopiae,1,1.7,1.7.0_it,tua,tua,http://it.dbpedia.org/resource/Ferrovia_del_Tua,29,31,it,0.9931897232946849,
FabulaeAesopiae,3,3.1,3.1.0_en,dog,dog,http://dbpedia.org/resource/Dog,36,38,en,0.9999306718961022,
FabulaeAesopiae,3,3.2,3.2.0_it,pane,pane,http://it.dbpedia.org/resource/Pane,19,21,it,0.9998528193855428,
FabulaeAesopiae,3,3.2,3.2.1_it,strega,strega,http://it.dbpedia.org/resource/Strega,49,51,it,0.9992980280927175,
FabulaeAesopiae,3,3.4,3.4.0_en,AESOPUS,AESOPUS,http://dbpedia.org/resource/Aesop,17,19,en,0.9883487496893418,"Http://xmlns.com/foaf/0.1/Person,Wikidata:Q5,Wikidata:Q36180,Wikidata:Q24229398,Wikidata:Q215627,DUL:NaturalPerson,DUL:Agent,Schema:Person,DBpedia:Person,DBpedia:Agent,DBpedia:Writer"
FabulaeAesopiae,4,4.1,4.1.0_it,aquila,aquila,http://it.dbpedia.org/resource/Aquila,10,12,it,0.6690619351426085,
FabulaeAesopiae,4,4.2,4.2.0_it,gatto,gatto,http://it.dbpedia.org/resource/Felis_silvestris_catus,23,25,it,0.9976288034352332,
FabulaeAesopiae,4,4.3,4.3.0_en,fetus,fetus,http://dbpedia.org/resource/Fetus,10,12,en,0.9999997280412686,
FabulaeAesopiae,4,4.3,4.3.1_en,furnace,furnace,http://dbpedia.org/resource/Furnace,32,34,en,0.9589174373345617,
FabulaeAesopiae,4,4.5,4.5.0_it,gli uccelli,gli_uccelli,http://it.dbpedia.org/resource/Gli_uccelli,21,23,it,0.9985302995634454,
FabulaeAesopiae,4,4.5,4.5.0_en,The nest,The_nest,http://dbpedia.org/resource/Croydon_Common_Athletic_Ground,8,9,en,0.7370497177643296,
FabulaeAesopiae,4,4.8,4.8.0_en,Apris,Apris,http://dbpedia.org/resource/Apris,8,9,en,0.9999882243501462,
FabulaeAesopiae,4,4.11,4.11.0_it,Fantastico,Fantastico,http://it.dbpedia.org/resource/Fantastico,8,9,it,0.9958943663274918,
FabulaeAesopiae,4,4.11,4.11.1_it,dice,dice,http://it.dbpedia.org/resource/Digital_Illusions_Creative_Entertainment,20,22,it,0.9999809926928477,
FabulaeAesopiae,4,4.12,4.12.0_it,pascolo,pascolo,http://it.dbpedia.org/resource/Pascolo,45,47,it,0.9996320907446578,
FabulaeAesopiae,4,4.12,4.12.1_it,tretto,tretto,http://it.dbpedia.org/resource/Tretto,60,62,it,0.693492584326966,
FabulaeAesopiae,4,4.12,4.12.0_it,Eagle,Eagle,http://it.dbpedia.org/resource/Anglo_American_Racers,8,9,it,0.786891211392499,
FabulaeAesopiae,4,4.17,4.17.0_it,aquila,aquila,http://it.dbpedia.org/resource/Aquila,30,32,it,0.8908752167770678,
FabulaeAesopiae,4,4.18,4.18.0_it,La rapina,La_rapina,http://it.dbpedia.org/resource/La_rapina,8,9,it,0.9999705534327458,
FabulaeAesopiae,4,4.18,4.18.1_it,cinghiali,cinghiali,http://it.dbpedia.org/resource/Sus_scrofa,22,24,it,0.9999216302026434,
FabulaeAesopiae,4,4.20,4.20.0_it,Felis,Felis,http://it.dbpedia.org/resource/Felis,8,9,it,0.9999981937802259,
FabulaeAesopiae,4,4.20,4.20.1_it,i cuccioli,i_cuccioli,http://it.dbpedia.org/resource/Vince_Tempera,16,18,it,0.9999999996430233,
FabulaeAesopiae,4,4.20,4.20.0_en,Felis,Felis,http://dbpedia.org/resource/Felis,8,9,en,0.9998247059721396,
FabulaeAesopiae,5,5.1,5.1.0_it,Roma,Roma,http://it.dbpedia.org/resource/Roma,25,27,it,0.9995340157488118,
FabulaeAesopiae,5,5.1,5.1.0_en,Rome,Rome,http://dbpedia.org/resource/Rome,26,28,en,0.9892854559171472,"Wikidata:Q515,Wikidata:Q486972,Schema:Place,Schema:City,DBpedia:Settlement,DBpedia:PopulatedPlace,DBpedia:Place,DBpedia:Location,DBpedia:City"
FabulaeAesopiae,5,5.6,5.6.0_it,Tiberio,Tiberio,http://it.dbpedia.org/resource/Tiberio,16,18,it,0.9997642476564651,
FabulaeAesopiae,5,5.6,5.6.1_it,Neapolis,Neapolis,http://it.dbpedia.org/resource/Napoli,50,52,it,0.9911300553158577,
FabulaeAesopiae,5,5.6,5.6.0_en,Caesar,Caesar,http://dbpedia.org/resource/Julius_Caesar,8,9,en,0.9268279897581642,"Http://xmlns.com/foaf/0.1/Person,Wikidata:Q82955,Wikidata:Q5,Wikidata:Q24229398,Wikidata:Q215627,DUL:NaturalPerson,DUL:Agent,Schema:Person,DBpedia:Person,DBpedia:Agent,DBpedia:Politician"
FabulaeAesopiae,5,5.6,5.6.1_en,Tiberius,Tiberius,http://dbpedia.org/resource/Tiberius,16,18,en,0.9999082632474743,"Http://xmlns.com/foaf/0.1/Person,Wikidata:Q5,Wikidata:Q24229398,Wikidata:Q215627,DUL:NaturalPerson,DUL:Agent,Schema:Person,DBpedia:Person,DBpedia:Agent,DBpedia:Royalty"
FabulaeAesopiae,5,5.6,5.6.2_en,Neapolis,Neapolis,http://dbpedia.org/resource/Naples,47,49,en,0.9635755500407231,"Wikidata:Q486972,Schema:Place,DBpedia:PopulatedPlace,DBpedia:Place,DBpedia:Location,DBpedia:Settlement"
FabulaeAesopiae,5,5.8,5.8.0_en,mountain top,mountain_top,"http://dbpedia.org/resource/Mountain_Top,_Pennsylvania",14,16,en,0.9999953150886859,"Wikidata:Q486972,Schema:Place,DBpedia:PopulatedPlace,DBpedia:Place,DBpedia:Location,DBpedia:Settlement"
FabulaeAesopiae,5,5.8,5.8.1_en,Lucullus,Lucullus,http://dbpedia.org/resource/Lucullus,40,42,en,0.9999999139264341,"Http://xmlns.com/foaf/0.1/Person,Wikidata:Q5,Wikidata:Q24229398,Wikidata:Q215627,DUL:NaturalPerson,DUL:Agent,Schema:Person,DBpedia:Agent,DBpedia:Person"
FabulaeAesopiae,5,5.9,5.9.0_it,atreo,atreo,http://it.dbpedia.org/resource/Atreo,21,23,it,0.9999996361956698,
FabulaeAesopiae,5,5.12,5.12.0_it,Alveo,Alveo,http://it.dbpedia.org/resource/Alveo,8,9,it,0.9999972614027951,
FabulaeAesopiae,5,5.17,5.17.0_it,dice,dice,http://it.dbpedia.org/resource/Digital_Illusions_Creative_Entertainment,32,34,it,0.9997000593158631,
FabulaeAesopiae,6,6.4,6.4.0_it,aquila,aquila,http://it.dbpedia.org/resource/Aquila,10,12,it,0.9715457883922923,
FabulaeAesopiae,6,6.4,6.4.1_it,tartaruga,tartaruga,http://it.dbpedia.org/resource/Testudines,43,45,it,0.999062588893152,
FabulaeAesopiae,6,6.4,6.4.0_en,tortoise,tortoise,http://dbpedia.org/resource/Tortoise,38,40,en,0.9989598886000849,
FabulaeAesopiae,6,6.4,6.4.0_it,cornea,cornea,http://it.dbpedia.org/resource/Cornea,41,43,it,0.9999996586799839,
FabulaeAesopiae,6,6.9,6.9.0_it,barriera corallina,barriera_corallina,http://it.dbpedia.org/resource/Barriera_corallina,31,33,it,0.998693531908876,
FabulaeAesopiae,6,6.9,6.9.0_en,reef,reef,http://dbpedia.org/resource/Reef,25,27,en,0.9551666701048275,
FabulaeAesopiae,6,6.12,6.12.0_it,aquila,aquila,http://it.dbpedia.org/resource/Aquila,23,25,it,0.8875062745340666,
FabulaeAesopiae,7,7.3,7.3.0_it,orzo,orzo,http://it.dbpedia.org/resource/Hordeum_vulgare,42,44,it,0.999163017457166,
FabulaeAesopiae,7,7.3,7.3.0_en,barley,barley,http://dbpedia.org/resource/Barley,43,45,en,0.9999447700453107,
FabulaeAesopiae,7,7.4,7.4.0_it,collo,collo,http://it.dbpedia.org/resource/Collo,27,29,it,0.9999939256967737,
FabulaeAesopiae,7,7.4,7.4.0_it,collo,collo,http://it.dbpedia.org/resource/Collo,21,23,it,0.9999906323659152,
FabulaeAesopiae,7,7.7,7.7.0_en,mule,mule,http://dbpedia.org/resource/Mule,41,43,en,0.9897558953432374,
FabulaeAesopiae,7,7.8,7.8.0_it,orzo,orzo,http://it.dbpedia.org/resource/Hordeum_vulgare,39,41,it,0.999163017457166,
FabulaeAesopiae,7,7.8,7.8.0_en,barley,barley,http://dbpedia.org/resource/Barley,43,45,en,0.9999644366686838,
FabulaeAesopiae,8,8.16,8.16.0_it,tua,tua,http://it.dbpedia.org/resource/Ferrovia_del_Tua,34,36,it,0.9940679509927618,
FabulaeAesopiae,8,8.18,8.18.0_it,presepe,presepe,http://it.dbpedia.org/resource/Presepe,14,16,it,0.9999992834590339,
FabulaeAesopiae,8,8.18,8.18.0_en,crib,crib,http://dbpedia.org/resource/Known-plaintext_attack,23,25,en,0.8617682726372632,
FabulaeAesopiae,8,8.19,8.19.0_it,ragno,ragno,http://it.dbpedia.org/resource/Araneae,38,40,it,0.9992405846665672,
FabulaeAesopiae,8,8.20,8.20.0_en,deer,deer,http://dbpedia.org/resource/Deer,12,14,en,0.9946223651583044,
FabulaeAesopiae,epilogus,epilogus.1,epilogus.1.0_en,Aesop,Aesop,http://dbpedia.org/resource/Aesop,8,9,en,0.992414416703843,"Http://xmlns.com/foaf/0.1/Person,Wikidata:Q5,Wikidata:Q36180,Wikidata:Q24229398,Wikidata:Q215627,DUL:NaturalPerson,DUL:Agent,Schema:Person,DBpedia:Person,DBpedia:Agent,DBpedia:Writer"
FabulaeAesopiae,epilogus,epilogus.4,epilogus.4.0_en,genus,genus,http://dbpedia.org/resource/Genus,19,21,en,0.99999860300998,
FabulaeAesopiae,epilogus,epilogus.8,epilogus.8.0_en,Greece,Greece,http://dbpedia.org/resource/Greece,29,31,en,0.9990462370382639,"Wikidata:Q6256,Schema:Place,Schema:Country,DBpedia:PopulatedPlace,DBpedia:Place,DBpedia:Location,DBpedia:Country"
FabulaeAesopiae,epilogus,epilogus.9,epilogus.9.0_it,tua,tua,http://it.dbpedia.org/resource/Ferrovia_del_Tua,33,35,it,0.9931897232946849,
FabulaeAesopiae,prologus,prologus.9,prologus.9.0_it,addomesticamento,addomesticamento,http://it.dbpedia.org/resource/Domesticazione,38,40,it,0.9832939533710694,
FabulaeAesopiae,prologus,prologus.12,prologus.12.0_en,life class,life_class,http://dbpedia.org/resource/Figure_drawing,33,35,en,0.999999958892702,
FabulaeAesopiae,prologus,prologus.15,prologus.15.0_it,mnemosyne,mnemosyne,http://it.dbpedia.org/resource/Mnemosine,35,37,it,0.999996082767494,
FabulaeAesopiae,prologus,prologus.15,prologus.15.1_it,Giove,Giove,http://it.dbpedia.org/resource/Zeus,45,47,it,0.7365580287080583,
FabulaeAesopiae,prologus,prologus.15,prologus.15.0_en,Mnemosyne,Mnemosyne,http://dbpedia.org/resource/Mnemosyne,38,40,en,0.9999490766648864,
FabulaeAesopiae,prologus,prologus.15,prologus.15.1_en,Jupiter,Jupiter,http://dbpedia.org/resource/Jupiter,48,50,en,0.9998724962517713,"Wikidata:Q634,Schema:Place,DBpedia:Place,DBpedia:Location,DBpedia:CelestialBody,DBpedia:Planet"
FabulaeAesopiae,prologus,prologus.22,prologus.22.0_en,Sinon,Sinon,http://dbpedia.org/resource/Sinon,38,40,en,0.9999940679290535,
FabulaeAesopiae,prologus,prologus.24,prologus.24.0_en,Aesop,Aesop,http://dbpedia.org/resource/Aesop,18,20,en,0.928963518682217,"Http://xmlns.com/foaf/0.1/Person,Wikidata:Q5,Wikidata:Q36180,Wikidata:Q24229398,Wikidata:Q215627,DUL:NaturalPerson,DUL:Agent,Schema:Person,DBpedia:Person,DBpedia:Agent,DBpedia:Writer"
FabulaeAesopiae,prologus,prologus.37,prologus.37.0_en,snatch,snatch,http://dbpedia.org/resource/Snatch_(weightlifting),15,17,en,0.9990146876242677,
FabulaeAesopiae,prologus,prologus.42,prologus.42.0_it,Anacharsis,Anacharsis,http://it.dbpedia.org/resource/Anacarsi,37,39,it,0.9999999992732427,
FabulaeAesopiae,prologus,prologus.42,prologus.42.0_en,AESOPUS,AESOPUS,http://dbpedia.org/resource/Clodius_Aesopus,21,23,en,0.998831589292264,
FabulaeAesopiae,prologus,prologus.42,prologus.42.1_en,anacharsis,anacharsis,http://dbpedia.org/resource/Anacharsis,36,38,en,0.9999998983849759,
FabulaeAesopiae,prologus,prologus.44,prologus.44.0_en,Greece,Greece,http://dbpedia.org/resource/Greece,41,43,en,0.9966441561917597,"Wikidata:Q6256,Schema:Place,Schema:Country,DBpedia:PopulatedPlace,DBpedia:Place,DBpedia:Location,DBpedia:Country"
FabulaeAesopiae,prologus,prologus.46,prologus.46.0_it,Orfeo,Orfeo,http://it.dbpedia.org/resource/Orfeo,45,47,it,0.9999581107851577,
FabulaeAesopiae,prologus,prologus.46,prologus.46.0_en,The Muse,The_Muse,http://dbpedia.org/resource/Muses,8,9,en,0.9999997614088016,
FabulaeAesopiae,prologus,prologus.46,prologus.46.1_en,Orpheus,Orpheus,http://dbpedia.org/resource/Orpheus,44,46,en,0.9999994489825309,
FabulaeAesopiae,prologus,prologus.48,prologus.48.0_it,ebraico,ebraico,http://it.dbpedia.org/resource/Lingua_ebraica,10,12,it,0.9563862089018369,
FabulaeAesopiae,prologus,prologus.48,prologus.48.0_en,Hebrew,Hebrew,http://dbpedia.org/resource/Hebrew_language,8,9,en,0.990219014787307,"Wikidata:Q315,Schema:Language,DBpedia:Language"
FabulaeAesopiae,1,1.1,1.1.0_en,tonne,tonne,http://dbpedia.org/resource/Tonne,42,44,en,0.9994870815768284,
FabulaeAesopiae,2,2.2,2.2.0_en,Panthera,Panthera,http://dbpedia.org/resource/Panthera,8,9,en,0.9972135156964324,
FabulaeAesopiae,2,2.8,2.8.0_en,FOVE,FOVE,http://dbpedia.org/resource/Fove,13,15,en,0.999999975384782,
FabulaeAesopiae,2,2.13,2.13.0_it,tua,tua,http://it.dbpedia.org/resource/Ferrovia_del_Tua,50,52,it,0.9948250706489081,
FabulaeAesopiae,3,3.12,3.12.0_en,Aesop,Aesop,http://dbpedia.org/resource/Aesop,8,9,en,0.9480081507993292,"Http://xmlns.com/foaf/0.1/Person,Wikidata:Q5,Wikidata:Q36180,Wikidata:Q24229398,Wikidata:Q215627,DUL:NaturalPerson,DUL:Agent,Schema:Person,DBpedia:Person,DBpedia:Agent,DBpedia:Writer"
FabulaeAesopiae,3,3.12,3.12.0_en,Nature,Nature,http://dbpedia.org/resource/Nature,8,9,en,0.9697357772691876,
FabulaeAesopiae,3,3.14,3.14.0_it,dice,dice,http://it.dbpedia.org/resource/Digital_Illusions_Creative_Entertainment,18,20,it,0.9999768329382049,
FabulaeAesopiae,4,4.3,4.3.1_en,Ianius,Ianius,http://dbpedia.org/resource/Ianius,36,38,en,0.6695075080016559,
FabulaeAesopiae,4,4.4,4.4.0_it,dice,dice,http://it.dbpedia.org/resource/Digital_Illusions_Creative_Entertainment,19,21,it,0.9999673689616713,
FabulaeAesopiae,5,5.3,5.3.0_it,penny,penny,http://it.dbpedia.org/resource/Penny,35,37,it,0.9978165967814172,
FabulaeAesopiae,5,5.8,5.8.0_it,l'audace,l'audace,http://it.dbpedia.org/resource/L'Audace,30,32,it,0.999999999644416,
FabulaeAesopiae,6,6.1,6.1.0_it,mulo,mulo,http://it.dbpedia.org/resource/Mulo,36,38,it,0.9999986144465332,
FabulaeAesopiae,6,6.1,6.1.0_en,mule,mule,http://dbpedia.org/resource/Mule,40,42,en,0.9923660155972873,
FabulaeAesopiae,6,6.3,6.3.0_it,dolo,dolo,http://it.dbpedia.org/resource/Dolo,18,20,it,0.9999974484098014,
FabulaeAesopiae,6,6.3,6.3.1_it,collo,collo,http://it.dbpedia.org/resource/Collo,27,29,it,0.9999785059711169,
FabulaeAesopiae,6,6.3,6.3.0_en,dolo,dolo,http://dbpedia.org/resource/Dolo,20,22,en,0.9999951906858768,"Wikidata:Q486972,Schema:Place,DBpedia:PopulatedPlace,DBpedia:Place,DBpedia:Location,DBpedia:Settlement"
FabulaeAesopiae,6,6.5,6.5.0_en,flower,flower,http://dbpedia.org/resource/Flower,21,23,en,0.9993055976357237,
FabulaeAesopiae,6,6.6,6.6.0_en,bridle,bridle,http://dbpedia.org/resource/Bridle,28,30,en,0.9999997333057351,
FabulaeAesopiae,7,7.4,7.4.0_en,pray thee,pray_thee,http://dbpedia.org/resource/Prithee,51,53,en,0.9999999999992895,
FabulaeAesopiae,7,7.6,7.6.0_en,dog,dog,http://dbpedia.org/resource/Dog,12,14,en,0.9872119941775934,
FabulaeAesopiae,7,7.9,7.9.0_en,snow,snow,http://dbpedia.org/resource/Snow,40,42,en,0.9994375794481472,
FabulaeAesopiae,7,7.13,7.13.0_it,collo,collo,http://it.dbpedia.org/resource/Collo,22,24,it,0.9999881857226992,
FabulaeAesopiae,7,7.13,7.13.0_en,dog,dog,http://dbpedia.org/resource/Dog,47,49,en,0.9999855055304884,
FabulaeAesopiae,7,7.16,7.16.0_it,Twilight,Twilight,http://it.dbpedia.org/resource/Twilight_Sparkle,8,9,it,0.9998139271279406,
FabulaeAesopiae,7,7.16,7.16.0_en,Twilight,Twilight,http://dbpedia.org/resource/Twilight,8,9,en,0.9943552461879763,
FabulaeAesopiae,7,7.17,7.17.0_it,pane,pane,http://it.dbpedia.org/resource/Pane,23,25,it,0.999951709579937,
FabulaeAesopiae,7,7.19,7.19.0_en,soup,soup,http://dbpedia.org/resource/Soup,35,37,en,0.999097034418718,"Wikidata:Q2095,DBpedia:Food"
FabulaeAesopiae,7,7.21,7.21.0_it,chiaramente,chiaramente,http://it.dbpedia.org/resource/ChiARAMente,14,16,it,0.99844744308903,
FabulaeAesopiae,7,7.21,7.21.0_en,dog,dog,http://dbpedia.org/resource/Dog,54,56,en,0.9927848047356357,
FabulaeAesopiae,8,8.4,8.4.0_en,mirror,mirror,http://dbpedia.org/resource/Mirror,16,18,en,0.998618806144538,
FabulaeAesopiae,8,8.10,8.10.0_en,kidney,kidney,http://dbpedia.org/resource/Kidney,40,42,en,0.9964097044334458,"Wikidata:Q4936952,DBpedia:AnatomicalStructure"
FabulaeAesopiae,9,9.2,9.2.0_it,Socrate,Socrate,http://it.dbpedia.org/resource/Socrate,8,9,it,0.9992439406092483,
FabulaeAesopiae,9,9.2,9.2.0_en,Socrates,Socrates,http://dbpedia.org/resource/Socrates,8,9,en,0.9998113380146025,"Http://xmlns.com/foaf/0.1/Person,Wikidata:Q5,Wikidata:Q4964182,Wikidata:Q24229398,Wikidata:Q215627,DUL:NaturalPerson,DUL:Agent,Schema:Person,DBpedia:Person,DBpedia:Agent,DBpedia:Philosopher"
FabulaeAesopiae,10,10.3,10.3.0_en,Hippolytus,Hippolytus,http://dbpedia.org/resource/Hippolytus_of_Rome,8,9,en,0.9999658038589516,"Http://xmlns.com/foaf/0.1/Person,Wikidata:Q5,Wikidata:Q43115,Wikidata:Q24229398,Wikidata:Q215627,DUL:NaturalPerson,DUL:Agent,Schema:Person,DBpedia:Person,DBpedia:Cleric,DBpedia:Agent,DBpedia:Saint"
FabulaeAesopiae,10,10.4,10.4.0_en,Cassandra,Cassandra,http://dbpedia.org/resource/Cassandra,8,9,en,0.9182732526488308,
FabulaeAesopiae,10,10.7,10.7.0_en,memory,memory,http://dbpedia.org/resource/Memory,28,30,en,0.9154613591270885,
FabulaeAesopiae,10,10.13,10.13.0_it,adulterio,adulterio,http://it.dbpedia.org/resource/Adulterio,28,30,it,0.9999994046720455,
FabulaeAesopiae,10,10.13,10.13.0_en,adultery,adultery,http://dbpedia.org/resource/Adultery,27,29,en,0.6232586859423414,
FabulaeAesopiae,10,10.22,10.22.0_en,breast,breast,http://dbpedia.org/resource/Breast,35,37,en,0.9048682101374098,"Wikidata:Q4936952,DBpedia:AnatomicalStructure"
FabulaeAesopiae,10,10.24,10.24.0_en,candle,candle,http://dbpedia.org/resource/Candle,12,14,en,0.9999784568480345,
FabulaeAesopiae,10,10.27,10.27.0_it,ferro,ferro,http://it.dbpedia.org/resource/Ferro,13,15,it,0.9996567423393752,
FabulaeAesopiae,10,10.27,10.27.0_en,iron,iron,http://dbpedia.org/resource/Iron,16,18,en,0.9914418957336617,
FabulaeAesopiae,10,10.29,10.29.0_en,Malignant,Malignant,http://dbpedia.org/resource/Malignancy,8,9,en,0.999999578243621,
FabulaeAesopiae,10,10.31,10.31.0_it,innocenti,innocenti,http://it.dbpedia.org/resource/Innocenti,40,42,it,0.9974766923572728,
FabulaeAesopiae,10,10.32,10.32.0_it,Augustus,Augustus,http://it.dbpedia.org/resource/Augusto,16,18,it,0.9801022858855118,
FabulaeAesopiae,10,10.32,10.32.0_en,Augustus,Augustus,http://dbpedia.org/resource/Augustus,15,17,en,0.9996617878294398,"Http://xmlns.com/foaf/0.1/Person,Wikidata:Q5,Wikidata:Q24229398,Wikidata:Q215627,DUL:NaturalPerson,DUL:Agent,Schema:Person,DBpedia:Person,DBpedia:Agent,DBpedia:Royalty"
FabulaeAesopiae,10,10.33,10.33.0_it,implicante,implicante,http://it.dbpedia.org/resource/Implicante,23,25,it,0.9999388027909974,
FabulaeAesopiae,10,10.33,10.33.0_en,implicant,implicant,http://dbpedia.org/resource/Implicant,26,28,en,0.9999117626476656,
FabulaeAesopiae,10,10.36,10.36.0_it,dice,dice,http://it.dbpedia.org/resource/Digital_Illusions_Creative_Entertainment,13,15,it,0.9999002625378491,
FabulaeAesopiae,10,10.36,10.36.0_it,orbita,orbita,http://it.dbpedia.org/resource/Orbita,14,16,it,0.9999662515583679,
FabulaeAesopiae,10,10.36,10.36.0_en,orbit,orbit,http://dbpedia.org/resource/Orbit,16,18,en,0.9926806871073176,
FabulaeAesopiae,10,10.38,10.38.0_it,URL,URL,http://it.dbpedia.org/resource/Uniform_Resource_Locator,15,17,it,0.9997684148902163,
FabulaeAesopiae,10,10.41,10.41.0_it,orecchio,orecchio,http://it.dbpedia.org/resource/Orecchio,30,32,it,0.9998467403973986,
FabulaeAesopiae,10,10.48,10.48.0_en,Brevity,Brevity,http://dbpedia.org/resource/Operation_Brevity,8,9,en,0.9999591459312605,"Wikidata:Q1656682,DUL:Event,Schema:Event,DBpedia:SocietalEvent,DBpedia:Event,DBpedia:MilitaryConflict"
FabulaeAesopiae,11,11.1,11.1.0_it,eunuco,eunuco,http://it.dbpedia.org/resource/Eunuco,19,21,it,0.9999992454826843,
FabulaeAesopiae,11,11.1,11.1.0_en,eunuch,eunuch,http://dbpedia.org/resource/Eunuch,12,14,en,0.9999999999466809,
FabulaeAesopiae,12,12.1,12.1.0_it,pollo,pollo,http://it.dbpedia.org/resource/Gallus_gallus_domesticus,11,13,it,0.9981876441614422,
FabulaeAesopiae,12,12.1,12.1.1_it,pollo,pollo,http://it.dbpedia.org/resource/Gallus_gallus_domesticus,20,22,it,0.9981876441614422,
FabulaeAesopiae,12,12.1,12.1.0_en,chicken,chicken,http://dbpedia.org/resource/Chicken,20,22,en,0.7169994123549983,
FabulaeAesopiae,12,12.1,12.1.1_en,chicken,chicken,http://dbpedia.org/resource/Chicken,28,30,en,0.7169994123549983,
FabulaeAesopiae,12,12.3,12.3.0_it,dice,dice,http://it.dbpedia.org/resource/Digital_Illusions_Creative_Entertainment,35,37,it,0.9997756283077271,
FabulaeAesopiae,12,12.7,12.7.0_it,dice,dice,http://it.dbpedia.org/resource/Digital_Illusions_Creative_Entertainment,15,17,it,0.9998352289529604,
FabulaeAesopiae,13,13.3,13.3.0_it,LIS,LIS,http://it.dbpedia.org/resource/Lingua_dei_segni_italiana,25,27,it,0.9886132042985656,
FabulaeAesopiae,13,13.3,13.3.1_it,Vespa,Vespa,http://it.dbpedia.org/resource/Piaggio_Vespa,50,52,it,0.9909064362291479,
FabulaeAesopiae,13,13.8,13.8.0_it,miele,miele,http://it.dbpedia.org/resource/Miele,22,24,it,0.9999999997984901,
FabulaeAesopiae,13,13.8,13.8.0_en,honey,honey,http://dbpedia.org/resource/Honey,25,27,en,0.9999549049385315,
FabulaeAesopiae,13,13.8,13.8.1_en,honeycomb,honeycomb,http://dbpedia.org/resource/Honeycomb,40,42,en,0.9999819695686576,
FabulaeAesopiae,13,13.10,13.10.0_it,api,api,http://it.dbpedia.org/resource/Apis,28,30,it,0.8376417642288589,
FabulaeAesopiae,13,13.12,13.12.0_it,api,api,http://it.dbpedia.org/resource/Apis,21,23,it,0.8627081933738654,
FabulaeAesopiae,14,14.1,14.1.0_en,Attic,Attic,http://dbpedia.org/resource/Attic_Greek,40,42,en,0.8283606744062723,"Wikidata:Q315,Schema:Language,DBpedia:Language"
FabulaeAesopiae,14,14.2,14.2.0_en,Aesop,Aesop,http://dbpedia.org/resource/Aesop,8,9,en,0.7395127762525039,"Http://xmlns.com/foaf/0.1/Person,Wikidata:Q5,Wikidata:Q36180,Wikidata:Q24229398,Wikidata:Q215627,DUL:NaturalPerson,DUL:Agent,Schema:Person,DBpedia:Person,DBpedia:Agent,DBpedia:Writer"
FabulaeAesopiae,14,14.4,14.4.0_en,bow,bow,http://dbpedia.org/resource/Bow_and_arrow,12,14,en,0.913269080719175,
FabulaeAesopiae,14,14.8,14.8.0_en,bow,bow,http://dbpedia.org/resource/Bow_and_arrow,32,34,en,0.9865245780457679,
FabulaeAesopiae,15,15.1,15.1.0_en,dog,dog,http://dbpedia.org/resource/Dog,42,44,en,0.9761989887881479,
FabulaeAesopiae,15,15.2,15.2.0_it,tua,tua,http://it.dbpedia.org/resource/Ferrovia_del_Tua,50,52,it,0.9941560939750937,
FabulaeAesopiae,15,15.7,15.7.0_en,milk,milk,http://dbpedia.org/resource/Milk,18,20,en,0.998731839590266,
FabulaeAesopiae,15,15.8,15.8.0_it,nero,nero,http://it.dbpedia.org/resource/Nero,36,38,it,0.990312092861831,
FabulaeAesopiae,15,15.8,15.8.1_it,nero,nero,http://it.dbpedia.org/resource/Nero,43,45,it,0.990312092861831,
FabulaeAesopiae,16,16.3,16.3.0_en,Cicada,Cicada,http://dbpedia.org/resource/Cicada,8,9,en,0.9988167654937439,
FabulaeAesopiae,16,16.9,16.9.0_it,fai,fai,http://it.dbpedia.org/resource/Fondo_Ambiente_Italiano,49,51,it,0.8075044849676309,
FabulaeAesopiae,16,16.10,16.10.0_it,arpa,arpa,http://it.dbpedia.org/resource/Arpa,16,18,it,0.99981910227697,
FabulaeAesopiae,16,16.10,16.10.1_it,Apollo,Apollo,http://it.dbpedia.org/resource/Apollo,32,34,it,0.9815766391888027,
FabulaeAesopiae,16,16.10,16.10.0_en,harp,harp,http://dbpedia.org/resource/Harp,18,20,en,0.9982671029646104,
FabulaeAesopiae,16,16.10,16.10.1_en,Apollo,Apollo,http://dbpedia.org/resource/Apollo,34,36,en,0.8583313759857677,
FabulaeAesopiae,16,16.11,16.11.0_en,nectar,nectar,http://dbpedia.org/resource/Nectar,24,26,en,0.9996990741841577,
FabulaeAesopiae,16,16.11,16.11.1_en,Pallas,Pallas,http://dbpedia.org/resource/Peter_Simon_Pallas,36,38,en,0.6118211109911428,"Http://xmlns.com/foaf/0.1/Person,Wikidata:Q901,Wikidata:Q5,Wikidata:Q24229398,Wikidata:Q215627,DUL:NaturalPerson,DUL:Agent,Schema:Person,DBpedia:Person,DBpedia:Agent,DBpedia:Scientist"
FabulaeAesopiae,16,16.14,16.14.0_it,gufo,gufo,http://it.dbpedia.org/resource/Asio_otus,33,35,it,0.6837332603320523,
FabulaeAesopiae,17,17.2,17.2.0_it,Giove,Giove,http://it.dbpedia.org/resource/Giove_(astronomia),33,35,it,0.7552165664429673,
FabulaeAesopiae,17,17.2,17.2.0_en,Jupiter,Jupiter,http://dbpedia.org/resource/Jupiter,31,33,en,0.9895926594111505,"Wikidata:Q634,Schema:Place,DBpedia:Place,DBpedia:Location,DBpedia:CelestialBody,DBpedia:Planet"
FabulaeAesopiae,17,17.3,17.3.0_it,Venus,Venus,http://it.dbpedia.org/resource/Venus_Williams,21,23,it,0.9997444783058579,
FabulaeAesopiae,17,17.3,17.3.0_en,Venus,Venus,http://dbpedia.org/resource/Venus,23,25,en,0.9452253862442993,"Wikidata:Q634,Schema:Place,DBpedia:Place,DBpedia:Location,DBpedia:CelestialBody,DBpedia:Planet"
FabulaeAesopiae,17,17.3,17.3.1_en,Laurea,Laurea,http://dbpedia.org/resource/Laurea,47,49,en,0.9999998748770559,
FabulaeAesopiae,17,17.4,17.4.0_it,Ercole,Ercole,http://it.dbpedia.org/resource/Ercole,30,32,it,0.9894940313630921,
FabulaeAesopiae,17,17.4,17.4.0_en,Hercules,Hercules,http://dbpedia.org/resource/Hercules,31,33,en,0.9925410308386899,
FabulaeAesopiae,17,17.4,17.4.0_it,Minerva,Minerva,http://it.dbpedia.org/resource/Minerva,8,9,it,0.9999950148976691,
FabulaeAesopiae,17,17.4,17.4.0_en,Minerva,Minerva,http://dbpedia.org/resource/Minerva,8,9,en,0.9940981725013347,
FabulaeAesopiae,18,18.1,18.1.0_it,Giunone,Giunone,http://it.dbpedia.org/resource/Giunone,21,23,it,0.9999320306671278,
FabulaeAesopiae,18,18.1,18.1.0_en,Juno,Juno,http://dbpedia.org/resource/Juno_Award,23,25,en,0.8649559928366282,"Wikidata:Q618779,DBpedia:Award"
FabulaeAesopiae,18,18.3,18.3.0_it,gli uccelli,gli_uccelli,http://it.dbpedia.org/resource/Gli_uccelli,19,21,it,0.9990817719430898,
FabulaeAesopiae,18,18.3,18.3.1_it,uccello,uccello,http://it.dbpedia.org/resource/Aves,36,38,it,0.9999980638746193,
FabulaeAesopiae,18,18.3,18.3.0_en,bird,bird,http://dbpedia.org/resource/Bird,31,33,en,0.99995524822358,
FabulaeAesopiae,18,18.5,18.5.0_en,magnitude,magnitude,http://dbpedia.org/resource/Apparent_magnitude,33,35,en,0.9815965633516787,
FabulaeAesopiae,18,18.6,18.6.0_it,Lego,Lego,http://it.dbpedia.org/resource/LEGO,8,9,it,0.9999664695209337,
FabulaeAesopiae,18,18.6,18.6.1_it,collo,collo,http://it.dbpedia.org/resource/Collo,16,18,it,0.9999456090746757,
FabulaeAesopiae,18,18.9,18.9.0_it,tua,tua,http://it.dbpedia.org/resource/Ferrovia_del_Tua,11,13,it,0.9931897232946849,
FabulaeAesopiae,18,18.10,18.10.0_it,Raven,Raven,http://it.dbpedia.org/resource/Robert_John_Raven,17,19,it,0.9769601782021571,
FabulaeAesopiae,18,18.10,18.10.0_en,raven,raven,http://dbpedia.org/resource/Raven,17,19,en,0.9424597203537926,
FabulaeAesopiae,18,18.11,18.11.0_en,dowry,dowry,http://dbpedia.org/resource/Dowry,46,48,en,0.9989419290374204,
FabulaeAesopiae,19,19.1,19.1.0_en,AESOPUS,AESOPUS,http://dbpedia.org/resource/Clodius_Aesopus,8,9,en,0.9986175577755689,
FabulaeAesopiae,19,19.8,19.8.0_it,dice,dice,http://it.dbpedia.org/resource/Digital_Illusions_Creative_Entertainment,15,17,it,0.9997403874458354,
FabulaeAesopiae,epilogus,epilogus.7,epilogus.7.0_en,Brevity,Brevity,http://dbpedia.org/resource/Operation_Brevity,8,9,en,0.9999837289586615,"Wikidata:Q1656682,DUL:Event,Schema:Event,DBpedia:SocietalEvent,DBpedia:Event,DBpedia:MilitaryConflict"
FabulaeAesopiae,epilogus,epilogus.14,epilogus.14.0_it,tua,tua,http://it.dbpedia.org/resource/Ferrovia_del_Tua,30,32,it,0.9939686533761916,
FabulaeAesopiae,epilogus,epilogus.17,epilogus.17.0_it,peccato,peccato,http://it.dbpedia.org/resource/Peccato,26,28,it,0.9988856056311524,
FabulaeAesopiae,epilogus,epilogus.20,epilogus.20.0_it,giroscopio,giroscopio,http://it.dbpedia.org/resource/Giroscopio,18,20,it,0.9999996271257159,
FabulaeAesopiae,epilogus,epilogus.28,epilogus.28.1_en,plebeian,plebeian,http://dbpedia.org/resource/Plebs,23,25,en,0.9979371152516755,
FabulaeAesopiae,prologus,prologus.4,prologus.4.0_it,fai,fai,http://it.dbpedia.org/resource/Fondo_Ambiente_Italiano,45,47,it,0.8986829409689225,
FabulaeAesopiae,prologus,prologus.9,prologus.9.1_en,Aesopia,Aesopia,http://dbpedia.org/resource/Aesopia_cornuta,9,10,en,0.9999999896970451,
FabulaeAesopiae,prologus,prologus.9,prologus.9.2_en,aesop,aesop,http://dbpedia.org/resource/Aesop,22,24,en,0.938474734679339,"Http://xmlns.com/foaf/0.1/Person,Wikidata:Q5,Wikidata:Q36180,Wikidata:Q24229398,Wikidata:Q215627,DUL:NaturalPerson,DUL:Agent,Schema:Person,DBpedia:Person,DBpedia:Agent,DBpedia:Writer"
FabulaeAesopiae,prologus,prologus.15,prologus.15.0_it,tua,tua,http://it.dbpedia.org/resource/Ferrovia_del_Tua,11,13,it,0.9931897232946849,
FabulaeAesopiae,prologus,prologus.16,prologus.16.0_en,memory,memory,http://dbpedia.org/resource/Computer_memory,35,37,en,0.6441894016687818,
FabulaeAesopiae,prologus,prologus.16,prologus.16.0_en,clapping,clapping,http://dbpedia.org/resource/Clapping,23,25,en,0.9999993075317288,
FabulaeAesopiae,1,1.6,1.6.0_en,drums,drums,http://dbpedia.org/resource/Drum_kit,24,26,en,0.9967953684424159,
FabulaeAesopiae,2,2.6,2.6.0_en,anxiety,anxiety,http://dbpedia.org/resource/Anxiety,29,31,en,0.9871912287751267,"Wikidata:Q12136,DBpedia:Disease"
FabulaeAesopiae,2,2.8,2.8.0_en,Fortuna,Fortuna,http://dbpedia.org/resource/Fortuna,8,9,en,0.9803228520778053,
FabulaeAesopiae,2,2.8,2.8.1_en,Mustela,Mustela,http://dbpedia.org/resource/Weasel,8,9,en,0.9999998712372656,
FabulaeAesopiae,3,3.1,3.1.0_en,vineyard,vineyard,http://dbpedia.org/resource/Vineyard,43,45,en,0.9999887897850303,
FabulaeAesopiae,4,4.1,4.1.0_en,horseman,horseman,http://dbpedia.org/resource/Equestrianism,21,23,en,0.8880463059750907,
FabulaeAesopiae,4,4.2,4.2.0_it,cinghiale,cinghiale,http://it.dbpedia.org/resource/Sus_scrofa,30,32,it,0.9992870517581183,
FabulaeAesopiae,4,4.2,4.2.0_en,boar,boar,http://dbpedia.org/resource/Wild_boar,27,29,en,0.9988159469634114,
FabulaeAesopiae,4,4.6,4.6.0_it,tua,tua,http://it.dbpedia.org/resource/Ferrovia_del_Tua,39,41,it,0.9931897232946849,
FabulaeAesopiae,4,4.8,4.8.0_it,indesiderato,indesiderato,http://it.dbpedia.org/resource/Episodi_di_Stargate_SG-1_(decima_stagione),38,40,it,0.9897162106376599,
FabulaeAesopiae,4,4.9,4.9.0_en,slavery,slavery,http://dbpedia.org/resource/Slavery,31,33,en,0.8822520251870886,
FabulaeAesopiae,4,4.11,4.11.0_en,WAKE,WAKE,http://dbpedia.org/resource/WPCI,8,9,en,0.9095778493368505,"Wikidata:Q43229,Wikidata:Q24229398,Wikidata:Q15265344,DUL:SocialPerson,DUL:Agent,Schema:RadioStation,Schema:Organization,DBpedia:Organisation,DBpedia:Broadcaster,DBpedia:Agent,DBpedia:RadioStation"
FabulaeAesopiae,5,5.4,5.4.0_en,hunting,hunting,http://dbpedia.org/resource/Hunting,42,44,en,0.9973698515364219,
FabulaeAesopiae,5,5.5,5.5.0_en,wine,wine,http://dbpedia.org/resource/Wine,15,17,en,0.9460933807927995,"Wikidata:Q2095,DBpedia:Food,DBpedia:Beverage"
FabulaeAesopiae,5,5.11,5.11.0_it,Atene,Atene,http://it.dbpedia.org/resource/Atene,19,21,it,0.9992181404158684,
FabulaeAesopiae,5,5.11,5.11.1_it,sedula,sedula,http://it.dbpedia.org/resource/Sedula,42,44,it,0.999998570637045,
FabulaeAesopiae,5,5.11,5.11.0_en,Athens,Athens,http://dbpedia.org/resource/Athens,8,9,en,0.8723332642849074,"Wikidata:Q515,Wikidata:Q486972,Schema:Place,Schema:City,DBpedia:Settlement,DBpedia:PopulatedPlace,DBpedia:Place,DBpedia:Location,DBpedia:City"
FabulaeAesopiae,5,5.18,5.18.0_it,eunuchi,eunuchi,http://it.dbpedia.org/resource/Eunuco,29,31,it,0.9999991038010628,
FabulaeAesopiae,5,5.20,5.20.0_it,bovini,bovini,http://it.dbpedia.org/resource/Bovinae,14,16,it,0.7916094510037913,
FabulaeAesopiae,5,5.24,5.24.0_en,AESOPUS,AESOPUS,http://dbpedia.org/resource/Clodius_Aesopus,8,9,en,0.9982119751796418,
FabulaeAesopiae,5,5.31,5.31.0_it,bovini,bovini,http://it.dbpedia.org/resource/Bovinae,24,26,it,0.9503969936100932,
FabulaeAesopiae,5,5.33,5.33.0_en,wine,wine,http://dbpedia.org/resource/Wine,32,34,en,0.9993908930388141,"Wikidata:Q2095,DBpedia:Food,DBpedia:Beverage"
FabulaeAesopiae,6,6.3,6.3.0_en,Fled,Fled,http://dbpedia.org/resource/Fled,8,9,en,0.9998306646036974,
FabulaeAesopiae,7,7.2,7.2.0_it,grandine,grandine,http://it.dbpedia.org/resource/Grandine,35,37,it,0.9999990374126796,
FabulaeAesopiae,7,7.4,7.4.0_en,AESOPUS,AESOPUS,http://dbpedia.org/resource/Clodius_Aesopus,26,28,en,0.9965370604139858,
FabulaeAesopiae,7,7.5,7.5.0_it,nemi,nemi,http://it.dbpedia.org/resource/Nemi,43,45,it,0.9949805027709907,
FabulaeAesopiae,7,7.6,7.6.0_it,Tessala,Tessala,http://it.dbpedia.org/resource/Tessala,30,32,it,0.9999947309518805,
FabulaeAesopiae,7,7.6,7.6.0_en,Pinus,Pinus,http://dbpedia.org/resource/Pine,8,9,en,0.9932041748500511,
FabulaeAesopiae,7,7.7,7.7.0_it,audace,audace,http://it.dbpedia.org/resource/Audace_Football_Club,51,53,it,0.8368843844376349,
FabulaeAesopiae,7,7.8,7.8.0_en,bridge,bridge,http://dbpedia.org/resource/Contract_bridge,38,40,en,0.832959175678317,
FabulaeAesopiae,8,8.1,8.1.0_it,audace,audace,http://it.dbpedia.org/resource/Audace_Football_Club,21,23,it,0.713010282024042,
FabulaeAesopiae,8,8.3,8.3.0_it,carpentieri,carpentieri,http://it.dbpedia.org/resource/Carpentiere,10,12,it,0.8013480218820568,
FabulaeAesopiae,8,8.3,8.3.0_en,viper,viper,http://dbpedia.org/resource/Viperinae,43,45,en,0.7278903631847946,
FabulaeAesopiae,8,8.6,8.6.0_en,blade,blade,http://dbpedia.org/resource/Blade,25,27,en,0.9863305437938953,
FabulaeAesopiae,9,9.3,9.3.0_it,pozzo,pozzo,http://it.dbpedia.org/resource/Pozzo,40,42,it,0.9977681193234971,
FabulaeAesopiae,9,9.4,9.4.0_en,goat,goat,http://dbpedia.org/resource/Goat,14,16,en,0.9995044702760285,
FabulaeAesopiae,9,9.9,9.9.0_it,Celso,Celso,http://it.dbpedia.org/resource/Aulo_Cornelio_Celso,26,28,it,0.7205245279760372,
FabulaeAesopiae,9,9.9,9.9.0_en,snow,snow,http://dbpedia.org/resource/Snow,20,22,en,0.9871565226579473,
FabulaeAesopiae,9,9.9,9.9.1_en,Celsus,Celsus,http://dbpedia.org/resource/Celsus,26,28,en,0.748336621003146,
FabulaeAesopiae,10,10.3,10.3.0_en,Strange,Strange,http://dbpedia.org/resource/Doctor_Strange,8,9,en,0.9220743818480592,"Wikidata:Q95074,Wikidata:Q24229398,DUL:Agent,DBpedia:FictionalCharacter,DBpedia:Agent,DBpedia:ComicsCharacter"
FabulaeAesopiae,10,10.3,10.3.1_en,breast,breast,http://dbpedia.org/resource/Breast,23,25,en,0.8254931651664974,"Wikidata:Q4936952,DBpedia:AnatomicalStructure"
FabulaeAesopiae,11,11.1,11.1.0_en,Jupiter,Jupiter,http://dbpedia.org/resource/Jupiter,46,48,en,0.997284708007746,"Wikidata:Q634,Schema:Place,DBpedia:Place,DBpedia:Location,DBpedia:CelestialBody,DBpedia:Planet"
FabulaeAesopiae,11,11.5,11.5.0_it,rubano,rubano,http://it.dbpedia.org/resource/Rubano,38,40,it,0.9999533869699077,
FabulaeAesopiae,11,11.10,11.10.0_it,Dio,Dio,http://it.dbpedia.org/resource/Dio,50,52,it,0.9932995029453633,
FabulaeAesopiae,11,11.10,11.10.0_en,candle,candle,http://dbpedia.org/resource/Candle,22,24,en,0.9999980094204576,
FabulaeAesopiae,11,11.10,11.10.1_en,God,God,http://dbpedia.org/resource/God,45,47,en,0.9281588058050906,
FabulaeAesopiae,11,11.11,11.11.0_en,candle,candle,http://dbpedia.org/resource/Candle,19,21,en,0.9999713242377999,
FabulaeAesopiae,11,11.15,11.15.1_it,Dio,Dio,http://it.dbpedia.org/resource/Dio,25,27,it,0.997080968374794,
FabulaeAesopiae,11,11.15,11.15.0_en,God,God,http://dbpedia.org/resource/God,34,36,en,0.6157365394239845,
FabulaeAesopiae,11,11.16,11.16.0_it,strega,strega,http://it.dbpedia.org/resource/Strega,33,35,it,0.9988296490048244,
FabulaeAesopiae,12,12.3,12.3.0_it,Ercole,Ercole,http://it.dbpedia.org/resource/Ercole,57,59,it,0.9865764760074266,
FabulaeAesopiae,12,12.3,12.3.0_en,Heaven,Heaven,http://dbpedia.org/resource/Heaven,8,9,en,0.9467472659401881,
FabulaeAesopiae,12,12.3,12.3.1_en,Hercules,Hercules,http://dbpedia.org/resource/Hercules,45,47,en,0.9948275915292708,
FabulaeAesopiae,13,13.4,13.4.0_it,equity,equity,http://it.dbpedia.org/resource/Capitale_proprio,29,31,it,0.7670281257525039,
FabulaeAesopiae,14,14.2,14.2.0_en,obscenity,obscenity,http://dbpedia.org/resource/Obscenity,27,29,en,0.9995586292064459,
FabulaeAesopiae,15,15.1,15.1.0_en,mals,mals,http://dbpedia.org/resource/Mals,35,37,en,0.9999885385437044,"Wikidata:Q486972,Schema:Place,DBpedia:PopulatedPlace,DBpedia:Place,DBpedia:Location,DBpedia:Settlement"
FabulaeAesopiae,15,15.3,15.3.0_it,Prometeo,Prometeo,http://it.dbpedia.org/resource/Prometeo,18,20,it,0.9987846620591789,
FabulaeAesopiae,15,15.3,15.3.0_en,Prometheus,Prometheus,http://dbpedia.org/resource/Prometheus,17,19,en,0.9999776492988524,
FabulaeAesopiae,15,15.7,15.7.0_it,La cena,La_cena,http://it.dbpedia.org/resource/La_cena,8,9,it,0.9999999989612718,
FabulaeAesopiae,15,15.8,15.8.0_en,nectar,nectar,http://dbpedia.org/resource/Nectar,33,35,en,0.9997227016376342,
FabulaeAesopiae,16,16.1,16.1.0_it,Giove,Giove,http://it.dbpedia.org/resource/Giove_(astronomia),37,39,it,0.7655385318768503,
FabulaeAesopiae,16,16.1,16.1.0_en,Jupiter,Jupiter,http://dbpedia.org/resource/Jupiter,38,40,en,0.9954991770377022,"Wikidata:Q634,Schema:Place,DBpedia:Place,DBpedia:Location,DBpedia:CelestialBody,DBpedia:Planet"
FabulaeAesopiae,16,16.5,16.5.0_it,tua,tua,http://it.dbpedia.org/resource/Ferrovia_del_Tua,26,28,it,0.9941560939750937,
FabulaeAesopiae,17,17.2,17.2.0_en,Aesop,Aesop,http://dbpedia.org/resource/Aesop,8,9,en,0.9568528372344913,"Http://xmlns.com/foaf/0.1/Person,Wikidata:Q5,Wikidata:Q36180,Wikidata:Q24229398,Wikidata:Q215627,DUL:NaturalPerson,DUL:Agent,Schema:Person,DBpedia:Person,DBpedia:Agent,DBpedia:Writer"
FabulaeAesopiae,18,18.1,18.1.0_it,Zeus,Zeus,http://it.dbpedia.org/resource/Zeus,43,45,it,0.9999608023371803,
FabulaeAesopiae,18,18.1,18.1.0_en,Zeus,Zeus,http://dbpedia.org/resource/Zeus,36,38,en,0.9995241388000655,
FabulaeAesopiae,18,18.4,18.4.0_it,pane,pane,http://it.dbpedia.org/resource/Pane,28,30,it,0.9998882155446778,
FabulaeAesopiae,18,18.8,18.8.0_it,mercurio,mercurio,http://it.dbpedia.org/resource/Avvelenamento_da_mercurio,13,15,it,0.6976455254198017,
FabulaeAesopiae,18,18.9,18.9.0_it,palazzo,palazzo,http://it.dbpedia.org/resource/Palazzo,27,29,it,0.9720141919083839,
FabulaeAesopiae,18,18.11,18.11.0_it,Giove,Giove,http://it.dbpedia.org/resource/Giove_(astronomia),28,30,it,0.7650655412065394,
FabulaeAesopiae,18,18.11,18.11.0_en,Jupiter,Jupiter,http://dbpedia.org/resource/Jupiter,26,28,en,0.9896441764518334,"Wikidata:Q634,Schema:Place,DBpedia:Place,DBpedia:Location,DBpedia:CelestialBody,DBpedia:Planet"
FabulaeAesopiae,18,18.22,18.22.0_it,Giove,Giove,http://it.dbpedia.org/resource/Giove_(astronomia),39,41,it,0.7449060274161635,
FabulaeAesopiae,18,18.22,18.22.0_en,Jupiter,Jupiter,http://dbpedia.org/resource/Jupiter,38,40,en,0.9883411057170068,"Wikidata:Q634,Schema:Place,DBpedia:Place,DBpedia:Location,DBpedia:CelestialBody,DBpedia:Planet"
FabulaeAesopiae,19,19.2,19.2.0_en,snake,snake,http://dbpedia.org/resource/Snake,24,26,en,0.9985497268213703,
FabulaeAesopiae,20,20.3,20.3.0_it,drago,drago,http://it.dbpedia.org/resource/Drago,31,33,it,0.9895380604394531,
FabulaeAesopiae,20,20.9,20.9.0_it,dice,dice,http://it.dbpedia.org/resource/Digital_Illusions_Creative_Entertainment,16,18,it,0.9998034611360014,
FabulaeAesopiae,20,20.10,20.10.0_it,Giove,Giove,http://it.dbpedia.org/resource/Giove_(astronomia),23,25,it,0.6814882459342636,
FabulaeAesopiae,20,20.10,20.10.0_en,Jupiter,Jupiter,http://dbpedia.org/resource/Jupiter,8,9,en,0.9880507276835747,"Wikidata:Q634,Schema:Place,DBpedia:Place,DBpedia:Location,DBpedia:CelestialBody,DBpedia:Planet"
FabulaeAesopiae,20,20.14,20.14.0_en,torque,torque,http://dbpedia.org/resource/Torque,43,45,en,0.9999762662018615,
FabulaeAesopiae,20,20.16,20.16.0_it,tartaruga,tartaruga,http://it.dbpedia.org/resource/Testudines,18,20,it,0.9996579766066791,
FabulaeAesopiae,20,20.16,20.16.0_en,guitar,guitar,http://dbpedia.org/resource/Guitar,45,47,en,0.9618904762180189,
FabulaeAesopiae,20,20.20,20.20.0_en,Heaven,Heaven,http://dbpedia.org/resource/Heaven,8,9,en,0.8548937333532739,
FabulaeAesopiae,20,20.20,20.20.1_en,perjury,perjury,http://dbpedia.org/resource/Perjury,29,31,en,0.9999999999955165,
FabulaeAesopiae,21,21.3,21.3.0_it,valga,valga,http://it.dbpedia.org/resource/Valga_(Estonia),32,34,it,0.9881494301728218,
FabulaeAesopiae,21,21.6,21.6.0_en,inept,inept,http://dbpedia.org/resource/Insensitive_nuclei_enhanced_by_polarization_transfer,24,26,en,0.9999897576224738,
FabulaeAesopiae,22,22.2,22.2.1_en,Simonides,Simonides,http://dbpedia.org/resource/Simonides_of_Ceos,8,9,en,0.9855977591477327,
FabulaeAesopiae,22,22.4,22.4.0_it,Asia,Asia,http://it.dbpedia.org/resource/Asia,32,34,it,0.9989716205546123,
FabulaeAesopiae,22,22.4,22.4.0_en,Asia,Asia,http://dbpedia.org/resource/Asia,29,31,en,0.9993329162901773,"Schema:Place,Schema:Continent,DBpedia:PopulatedPlace,DBpedia:Place,DBpedia:Location,DBpedia:Continent"
FabulaeAesopiae,22,22.6,22.6.0_it,Pelagio,Pelagio,http://it.dbpedia.org/resource/Pelagio_delle_Asturie,57,59,it,0.9084735042867935,
FabulaeAesopiae,22,22.6,22.6.0_en,Pelagius,Pelagius,http://dbpedia.org/resource/Pelagius,62,64,en,0.6757055742621646,
FabulaeAesopiae,22,22.7,22.7.0_en,CAI,CAI,http://dbpedia.org/resource/Club_Alpino_Italiano,41,43,en,0.7399980898133015,
FabulaeAesopiae,22,22.11,22.11.0_it,Simonide,Simonide,http://it.dbpedia.org/resource/Simonide,8,9,it,0.9999997674443493,
FabulaeAesopiae,22,22.14,22.14.0_en,Clazomenae,Clazomenae,http://dbpedia.org/resource/Klazomenai,28,30,en,0.9999999999992468,
FabulaeAesopiae,22,22.15,22.15.0_en,city,city,http://dbpedia.org/resource/City,16,18,en,0.807442150808213,
FabulaeAesopiae,22,22.21,22.21.1_it,Simonide,Simonide,http://it.dbpedia.org/resource/Simonide,8,9,it,0.9999997380137332,
FabulaeAesopiae,22,22.21,22.21.1_en,Simonides,Simonides,http://dbpedia.org/resource/Simonides_of_Ceos,8,9,en,0.9715393505664678,
FabulaeAesopiae,24,24.3,24.3.0_en,Moro,Moro,http://dbpedia.org/resource/Moro_people,8,9,en,0.9495844646434685,"Wikidata:Q41710,DBpedia:EthnicGroup"
FabulaeAesopiae,24,24.4,24.4.0_it,Dio,Dio,http://it.dbpedia.org/resource/Dio,29,31,it,0.997539530679896,
FabulaeAesopiae,24,24.4,24.4.0_en,God,God,http://dbpedia.org/resource/God,31,33,en,0.8264488390815443,
FabulaeAesopiae,24,24.8,24.8.0_it,Dio,Dio,http://it.dbpedia.org/resource/Dio,43,45,it,0.9731274377537099,
FabulaeAesopiae,24,24.8,24.8.0_en,God,God,http://dbpedia.org/resource/God,44,46,en,0.9009177367319284,
FabulaeAesopiae,25,25.3,25.3.0_en,memory,memory,http://dbpedia.org/resource/Memory,29,31,en,0.9147447286932857,
FabulaeAesopiae,25,25.4,25.4.1_it,Simonide,Simonide,http://it.dbpedia.org/resource/Simonide,8,9,it,0.999999660685348,
FabulaeAesopiae,25,25.4,25.4.1_en,Simonides,Simonides,http://dbpedia.org/resource/Simonides_of_Ceos,8,9,en,0.9999998904461751,
FabulaeAesopiae,25,25.8,25.8.0_it,lede,lede,http://it.dbpedia.org/resource/Lede,39,41,it,0.9999036654354143,
FabulaeAesopiae,25,25.8,25.8.0_en,The authority,The_authority,http://dbpedia.org/resource/The_Authority_(comics),8,9,en,0.7153139208304236,
FabulaeAesopiae,25,25.27,25.27.0_it,Vate,Vate,http://it.dbpedia.org/resource/Gabriele_D'Annunzio,8,9,it,0.7459219116561243,
FabulaeAesopiae,prologus,prologus.1,prologus.1.0_en,Aesop,Aesop,http://dbpedia.org/resource/Aesop,8,9,en,0.9235472078422362,"Http://xmlns.com/foaf/0.1/Person,Wikidata:Q5,Wikidata:Q36180,Wikidata:Q24229398,Wikidata:Q215627,DUL:NaturalPerson,DUL:Agent,Schema:Person,DBpedia:Person,DBpedia:Agent,DBpedia:Writer"
FabulaeAesopiae,prologus,prologus.8,prologus.8.0_it,Gelosia,Gelosia,http://it.dbpedia.org/resource/Gelosia,8,9,it,0.9999187319223891,
FabulaeAesopiae,prologus,prologus.8,prologus.8.0_en,Jealousy,Jealousy,http://dbpedia.org/resource/Jealousy,8,9,en,0.9999886242917332,
FabulaeAesopiae,1,1.1,1.1.0_en,Demetrius,Demetrius,http://dbpedia.org/resource/Demetrius_I_of_Macedon,8,9,en,0.6540370461432169,"Http://xmlns.com/foaf/0.1/Person,Wikidata:Q5,Wikidata:Q24229398,Wikidata:Q215627,DUL:NaturalPerson,DUL:Agent,Schema:Person,DBpedia:Person,DBpedia:Agent,DBpedia:Royalty"
FabulaeAesopiae,1,1.2,1.2.0_it,Atene,Atene,http://it.dbpedia.org/resource/Atene,8,9,it,0.9995222493020657,
FabulaeAesopiae,1,1.2,1.2.0_en,Athens,Athens,http://dbpedia.org/resource/Athens,8,9,en,0.9962955697303475,"Wikidata:Q515,Wikidata:Q486972,Schema:Place,Schema:City,DBpedia:Settlement,DBpedia:PopulatedPlace,DBpedia:Place,DBpedia:Location,DBpedia:City"
FabulaeAesopiae,1,1.8,1.8.0_it,menandro,menandro,http://it.dbpedia.org/resource/Menandro,19,21,it,0.9980888341549115,
FabulaeAesopiae,1,1.8,1.8.0_en,menander,menander,http://dbpedia.org/resource/Menander,16,18,en,0.9654730358718021,"Http://xmlns.com/foaf/0.1/Person,Wikidata:Q5,Wikidata:Q36180,Wikidata:Q24229398,Wikidata:Q215627,DUL:NaturalPerson,DUL:Agent,Schema:Person,DBpedia:Person,DBpedia:Agent,DBpedia:Writer"
FabulaeAesopiae,1,1.8,1.8.0_it,Demetrius,Demetrius,http://it.dbpedia.org/resource/Demetrio_(nome),54,56,it,0.9824992000505329,
FabulaeAesopiae,1,1.12,1.12.0_en,tyrant,tyrant,http://dbpedia.org/resource/Tyrant,26,28,en,0.9999991836755903,
FabulaeAesopiae,1,1.13,1.13.0_it,Osa,Osa,http://it.dbpedia.org/resource/Classe_Osa,8,9,it,0.8542091484312474,
FabulaeAesopiae,1,1.13,1.13.0_en,Dare,Dare,http://dbpedia.org/resource/Dan_Dare,8,9,en,0.8174831519596623,"Wikidata:Q95074,Wikidata:Q24229398,DUL:Agent,DBpedia:FictionalCharacter,DBpedia:Agent,DBpedia:ComicsCharacter"
FabulaeAesopiae,1,1.15,1.15.0_it,dice,dice,http://it.dbpedia.org/resource/Digital_Illusions_Creative_Entertainment,15,17,it,0.9998747817630996,
FabulaeAesopiae,2,2.4,2.4.0_en,paenula,paenula,http://dbpedia.org/resource/Paenula,50,52,en,0.9999999548382174,
FabulaeAesopiae,2,2.8,2.8.0_en,blade,blade,http://dbpedia.org/resource/Blade,24,26,en,0.9912573472570267,
FabulaeAesopiae,3,3.1,3.1.0_it,made,made,http://it.dbpedia.org/resource/Drimmelen,32,34,it,0.9482972982664679,
FabulaeAesopiae,3,3.4,3.4.0_it,fai,fai,http://it.dbpedia.org/resource/Fondo_Ambiente_Italiano,26,28,it,0.9002504562438346,
FabulaeAesopiae,4,4.1,4.1.0_it,Ercole,Ercole,http://it.dbpedia.org/resource/Ercole,29,31,it,0.9883757722728913,
FabulaeAesopiae,4,4.1,4.1.0_en,Hercules,Hercules,http://dbpedia.org/resource/Hercules,28,30,en,0.990551708614249,
FabulaeAesopiae,4,4.3,4.3.0_it,orzo,orzo,http://it.dbpedia.org/resource/Hordeum_vulgare,36,38,it,0.9994383807451667,
FabulaeAesopiae,4,4.3,4.3.0_en,barley,barley,http://dbpedia.org/resource/Barley,35,37,en,0.992394438760971,
FabulaeAesopiae,5,5.8,5.8.0_it,teatro,teatro,http://it.dbpedia.org/resource/Teatro,20,22,it,0.9989581529010779,
FabulaeAesopiae,5,5.9,5.9.0_en,city,city,http://dbpedia.org/resource/City,31,33,en,0.8192665129680715,
FabulaeAesopiae,5,5.12,5.12.0_en,Silence,Silence,http://dbpedia.org/resource/Silence,8,9,en,0.9993260128531577,
FabulaeAesopiae,5,5.17,5.17.0_en,clapping,clapping,http://dbpedia.org/resource/Clapping,19,21,en,0.9999994827096744,
FabulaeAesopiae,5,5.24,5.24.0_it,Piggy,Piggy,http://it.dbpedia.org/resource/Miss_Piggy,8,9,it,0.9999991920905411,
FabulaeAesopiae,5,5.24,5.24.0_en,Piggy,Piggy,http://dbpedia.org/resource/Miss_Piggy,8,9,en,0.9123291611083602,"Wikidata:Q95074,Wikidata:Q24229398,DUL:Agent,DBpedia:Agent,DBpedia:FictionalCharacter"
FabulaeAesopiae,5,5.26,5.26.0_it,orecchio,orecchio,http://it.dbpedia.org/resource/Orecchio,21,23,it,0.9998990076688505,
FabulaeAesopiae,6,6.5,6.5.0_en,Carbo,Carbo,http://dbpedia.org/resource/Gnaeus_Papirius_Carbo_(consul_85_BC),8,9,en,0.8146942082191778,"Http://xmlns.com/foaf/0.1/Person,Wikidata:Q82955,Wikidata:Q5,Wikidata:Q24229398,Wikidata:Q215627,DUL:NaturalPerson,DUL:Agent,Schema:Person,DBpedia:Person,DBpedia:Agent,DBpedia:Politician"
FabulaeAesopiae,7,7.4,7.4.0_it,flauto,flauto,http://it.dbpedia.org/resource/Flauti,15,17,it,0.9853889026706566,
FabulaeAesopiae,7,7.4,7.4.0_en,flute,flute,http://dbpedia.org/resource/Flute,13,15,en,0.9918689379242297,
FabulaeAesopiae,7,7.5,7.5.0_it,sport,sport,http://it.dbpedia.org/resource/Sport,27,29,it,0.9996274068143844,
FabulaeAesopiae,7,7.6,7.6.0_it,pegma,pegma,http://it.dbpedia.org/resource/Pegma,18,20,it,0.9999996671217403,
FabulaeAesopiae,7,7.19,7.19.0_en,thunderstorm,thunderstorm,http://dbpedia.org/resource/Thunderstorm,34,36,en,0.9999999999510294,
FabulaeAesopiae,7,7.22,7.22.0_it,Roma,Roma,http://it.dbpedia.org/resource/Roma,33,35,it,0.9998152917406745,
FabulaeAesopiae,7,7.22,7.22.0_en,Rome,Rome,http://dbpedia.org/resource/Rome,24,26,en,0.9938625617049506,"Wikidata:Q515,Wikidata:Q486972,Schema:Place,Schema:City,DBpedia:Settlement,DBpedia:PopulatedPlace,DBpedia:Place,DBpedia:Location,DBpedia:City"
FabulaeAesopiae,7,7.26,7.26.0_it,pulpito,pulpito,http://it.dbpedia.org/resource/Pulpito,43,45,it,0.9986834954342128,
FabulaeAesopiae,7,7.26,7.26.0_en,pulpit,pulpit,http://dbpedia.org/resource/Pulpit,42,44,en,0.9978845082292954,
FabulaeAesopiae,7,7.29,7.29.0_en,Prince,Prince,http://dbpedia.org/resource/Prince,8,9,en,0.9663076947764506,
FabulaeAesopiae,7,7.29,7.29.1_en,bra,bra,http://dbpedia.org/resource/Bra,39,41,en,0.9999999652144288,
FabulaeAesopiae,8,8.1,8.1.0_en,razor,razor,http://dbpedia.org/resource/Razor,42,44,en,0.9735655563655528,
FabulaeAesopiae,9,9.1,9.1.0_en,bull wrestling,bull_wrestling,http://dbpedia.org/resource/Bull_wrestling,31,33,en,0.9999999991008508,
FabulaeAesopiae,9,9.4,9.4.0_it,dice,dice,http://it.dbpedia.org/resource/Digital_Illusions_Creative_Entertainment,69,71,it,0.9998472951920321,
FabulaeAesopiae,10,10.2,10.2.0_en,dog,dog,http://dbpedia.org/resource/Dog,12,14,en,0.999888553961918,
FabulaeAesopiae,10,10.4,10.4.0_it,orecchio,orecchio,http://it.dbpedia.org/resource/Orecchio,16,18,it,0.9999776994214501,
FabulaeAesopiae,10,10.6,10.6.0_en,dog,dog,http://dbpedia.org/resource/Dog,10,12,en,0.998122907137944,
FabulaeAesopiae,10,10.7,10.7.0_it,tua,tua,http://it.dbpedia.org/resource/Ferrovia_del_Tua,14,16,it,0.9931897232946849,
FabulaeAesopiae,1,1.3,1.3.0_en,malignant,malignant,http://dbpedia.org/resource/Malignancy,21,23,en,0.9913154081049089,
FabulaeAesopiae,2,2.5,2.5.0_it,Glory,Glory,http://it.dbpedia.org/resource/Personaggi_del_Buffyverso,20,22,it,0.9064635418865344,
FabulaeAesopiae,2,2.8,2.8.0_en,Jupiter,Jupiter,http://dbpedia.org/resource/Jupiter,54,56,en,0.9981276916636486,"Wikidata:Q634,Schema:Place,DBpedia:Place,DBpedia:Location,DBpedia:CelestialBody,DBpedia:Planet"
FabulaeAesopiae,2,2.9,2.9.0_it,audace,audace,http://it.dbpedia.org/resource/Audace_Football_Club,33,35,it,0.6783853777962785,
FabulaeAesopiae,2,2.9,2.9.0_en,rape,rape,http://dbpedia.org/resource/Rape,15,17,en,0.9996145680593955,"Wikidata:Q12136,DBpedia:Disease"
FabulaeAesopiae,3,3.4,3.4.0_it,prostituzione,prostituzione,http://it.dbpedia.org/resource/Prostituzione,28,30,it,0.9991692743770784,
FabulaeAesopiae,3,3.4,3.4.0_en,prostitution,prostitution,http://dbpedia.org/resource/Prostitution,25,27,en,0.9982036318673718,
FabulaeAesopiae,3,3.9,3.9.0_it,mercurio,mercurio,http://it.dbpedia.org/resource/Mercurio_(elemento_chimico),15,17,it,0.7737824235115685,
FabulaeAesopiae,3,3.12,3.12.0_it,umidit,umidit,http://it.dbpedia.org/resource/Umidit,27,29,it,0.6685018969416678,
FabulaeAesopiae,4,4.1,4.1.0_it,Prometeo,Prometeo,http://it.dbpedia.org/resource/Prometeo,18,20,it,0.9975874614799742,
FabulaeAesopiae,4,4.1,4.1.0_en,Prometheus,Prometheus,http://dbpedia.org/resource/Prometheus,13,15,en,0.9999804266498824,
FabulaeAesopiae,4,4.4,4.4.0_en,Great Thursday,Great_Thursday,http://dbpedia.org/resource/Maundy_Thursday,40,42,en,0.9999999989087556,
FabulaeAesopiae,4,4.8,4.8.0_en,mire,mire,http://dbpedia.org/resource/Mire,32,34,en,0.6128992494498492,
FabulaeAesopiae,4,4.9,4.9.0_en,Dirt,Dirt,http://dbpedia.org/resource/Dirt,8,9,en,0.9942964471796194,
FabulaeAesopiae,4,4.12,4.12.0_it,Prometeo,Prometeo,http://it.dbpedia.org/resource/Prometeo,29,31,it,0.9954140749417616,
FabulaeAesopiae,4,4.12,4.12.0_en,Prometheus,Prometheus,http://dbpedia.org/resource/Prometheus,16,18,en,0.9999593976415585,
FabulaeAesopiae,4,4.13,4.13.0_en,furnace,furnace,http://dbpedia.org/resource/Furnace,23,25,en,0.9586843512356589,
FabulaeAesopiae,4,4.15,4.15.0_en,Modesto,Modesto,http://dbpedia.org/resource/Modesto_Nuts,8,9,en,0.730373915441916,
FabulaeAesopiae,5,5.1,5.1.0_en,Ixion,Ixion,http://dbpedia.org/resource/Ixion,8,9,en,0.9997479792011709,
FabulaeAesopiae,5,5.3,5.3.0_it,Sisifo,Sisifo,http://it.dbpedia.org/resource/Sisifo,35,37,it,0.9978549219367494,
FabulaeAesopiae,5,5.3,5.3.0_en,Sisyphus,Sisyphus,http://dbpedia.org/resource/Sisyphus,25,27,en,0.9996969701514234,
FabulaeAesopiae,5,5.6,5.6.0_en,Tantalus,Tantalus,http://dbpedia.org/resource/Tantalus,33,35,en,0.9993348729590796,
FabulaeAesopiae,5,5.8,5.8.0_en,danaides,danaides,http://dbpedia.org/resource/Danades,21,23,en,0.994087750190789,
FabulaeAesopiae,5,5.9,5.9.0_en,Pertusa,Pertusa,http://dbpedia.org/resource/Pertusa_(Spain),8,9,en,0.6045096732871693,"Wikidata:Q486972,Schema:Place,DBpedia:PopulatedPlace,DBpedia:Place,DBpedia:Location,DBpedia:Settlement"
FabulaeAesopiae,5,5.11,5.11.0_en,Tityos,Tityos,http://dbpedia.org/resource/Tityos,22,24,en,0.9999998655868386,
FabulaeAesopiae,5,5.12,5.12.0_it,fegato,fegato,http://it.dbpedia.org/resource/Fegato,47,49,it,0.9998872045739188,
FabulaeAesopiae,5,5.12,5.12.0_en,liver,liver,http://dbpedia.org/resource/Liver,44,46,en,0.9980153185876,"Wikidata:Q4936952,DBpedia:AnatomicalStructure"
FabulaeAesopiae,5,5.14,5.14.0_en,antiquity,antiquity,http://dbpedia.org/resource/Classical_antiquity,49,51,en,0.7986569980754537,
FabulaeAesopiae,6,6.1,6.1.0_it,dice,dice,http://it.dbpedia.org/resource/Digital_Illusions_Creative_Entertainment,16,18,it,0.9998301327836786,
FabulaeAesopiae,6,6.1,6.1.1_it,Apollo,Apollo,http://it.dbpedia.org/resource/Apollo,38,40,it,0.9643141435266169,
FabulaeAesopiae,6,6.1,6.1.0_en,Apollo,Apollo,http://dbpedia.org/resource/Apollo,37,39,en,0.7363094831014763,
FabulaeAesopiae,6,6.5,6.5.0_it,Python,Python,http://it.dbpedia.org/resource/Python,33,35,it,0.9854152094101537,
FabulaeAesopiae,6,6.5,6.5.0_en,PYTHON,PYTHON,http://dbpedia.org/resource/PYTHON,37,39,en,0.9999500619884981,
FabulaeAesopiae,6,6.6,6.6.0_it,Dio,Dio,http://it.dbpedia.org/resource/Dio,42,44,it,0.996116170727427,
FabulaeAesopiae,6,6.6,6.6.1_it,Dio,Dio,http://it.dbpedia.org/resource/Dio,49,51,it,0.996116170727427,
FabulaeAesopiae,6,6.6,6.6.0_en,God,God,http://dbpedia.org/resource/God,42,44,en,0.879720045312165,
FabulaeAesopiae,6,6.7,6.7.0_it,Piet,Piet,http://it.dbpedia.org/resource/Piet_(arte),8,9,it,0.77387597425037,
FabulaeAesopiae,6,6.8,6.8.0_en,steel,steel,http://dbpedia.org/resource/Steel,42,44,en,0.9986743428568183,
FabulaeAesopiae,6,6.12,6.12.0_en,sediment,sediment,http://dbpedia.org/resource/Sediment,56,58,en,0.9982360984695934,
FabulaeAesopiae,6,6.12,6.12.0_en,Bad,Bad,http://dbpedia.org/resource/Spa_town,8,9,en,0.7341549633793135,
FabulaeAesopiae,7,7.1,7.1.0_en,Aesop,Aesop,http://dbpedia.org/resource/Aesop,8,9,en,0.9710562875343692,"Http://xmlns.com/foaf/0.1/Person,Wikidata:Q5,Wikidata:Q36180,Wikidata:Q24229398,Wikidata:Q215627,DUL:NaturalPerson,DUL:Agent,Schema:Person,DBpedia:Person,DBpedia:Agent,DBpedia:Writer"
FabulaeAesopiae,8,8.1,8.1.0_en,Pompey,Pompey,http://dbpedia.org/resource/Pompey,14,16,en,0.9997805733606351,"Http://xmlns.com/foaf/0.1/Person,Wikidata:Q5,Wikidata:Q24229398,Wikidata:Q215627,DUL:NaturalPerson,DUL:Agent,Schema:Person,DBpedia:Agent,DBpedia:Person"
FabulaeAesopiae,8,8.8,8.8.0_en,continuo,continuo,http://dbpedia.org/resource/Figured_bass,29,31,en,0.9999999999997158,
FabulaeAesopiae,8,8.8,8.8.0_it,espettorato,espettorato,http://it.dbpedia.org/resource/Espettorato,25,27,it,0.9999982644439454,
FabulaeAesopiae,8,8.8,8.8.0_en,sputum,sputum,http://dbpedia.org/resource/Sputum,28,30,en,0.9999997754690749,"Wikidata:Q12136,DBpedia:Disease"
FabulaeAesopiae,8,8.12,8.12.0_it,audace,audace,http://it.dbpedia.org/resource/Audace_Football_Club,44,46,it,0.653343849126469,
FabulaeAesopiae,8,8.15,8.15.0_en,Mars,Mars,http://dbpedia.org/resource/Mars,41,43,en,0.9999712488576471,"Wikidata:Q634,Schema:Place,DBpedia:Place,DBpedia:Location,DBpedia:CelestialBody,DBpedia:Planet"
FabulaeAesopiae,8,8.18,8.18.0_it,Prince,Prince,http://it.dbpedia.org/resource/Prince,40,42,it,0.9991438370708079,
FabulaeAesopiae,8,8.20,8.20.0_en,dam,dam,http://dbpedia.org/resource/Dam,33,35,en,0.9993598378572491,
FabulaeAesopiae,8,8.20,8.20.0_it,tua,tua,http://it.dbpedia.org/resource/Ferrovia_del_Tua,35,37,it,0.9940679509927618,
FabulaeAesopiae,8,8.20,8.20.1_it,eruzione cutanea,eruzione_cutanea,http://it.dbpedia.org/resource/Lesioni_elementari_della_cute,39,41,it,0.9655326419766714,
FabulaeAesopiae,8,8.22,8.22.0_it,esercito,esercito,http://it.dbpedia.org/resource/Esercito,51,53,it,0.8095412066146038,
FabulaeAesopiae,8,8.24,8.24.0_en,Pompey,Pompey,http://dbpedia.org/resource/Pompey,25,27,en,0.998553847349877,"Http://xmlns.com/foaf/0.1/Person,Wikidata:Q5,Wikidata:Q24229398,Wikidata:Q215627,DUL:NaturalPerson,DUL:Agent,Schema:Person,DBpedia:Agent,DBpedia:Person"
FabulaeAesopiae,8,8.25,8.25.0_it,impero romano,impero_romano,http://it.dbpedia.org/resource/Impero_romano,28,30,it,0.9995968792600577,
FabulaeAesopiae,8,8.25,8.25.0_en,Empire,Empire,http://dbpedia.org/resource/Roman_Empire,40,42,en,0.920870476721837,"Wikidata:Q6256,Schema:Place,Schema:Country,DBpedia:PopulatedPlace,DBpedia:Place,DBpedia:Location,DBpedia:Country"
FabulaeAesopiae,9,9.1,9.1.0_en,Juno,Juno,http://dbpedia.org/resource/Juno_Award,23,25,en,0.9695565794969929,"Wikidata:Q618779,DBpedia:Award"
FabulaeAesopiae,9,9.5,9.5.0_it,dia,dia,http://it.dbpedia.org/resource/Direzione_Investigativa_Antimafia,45,47,it,0.961141372244529,
FabulaeAesopiae,9,9.7,9.7.0_en,wheat,wheat,http://dbpedia.org/resource/Wheat,44,46,en,0.9999963197107683,
FabulaeAesopiae,9,9.9,9.9.0_en,fance,fance,http://dbpedia.org/resource/FANCE,27,29,en,0.9999996791546497,"Wikidata:Q7187,Wikidata:Q206229,DBpedia:Gene,DBpedia:Biomolecule,DBpedia:HumanGene"
FabulaeAesopiae,9,9.11,9.11.0_en,Juno,Juno,http://dbpedia.org/resource/Juno_Award,8,9,en,0.96849292832393,"Wikidata:Q618779,DBpedia:Award"
FabulaeAesopiae,9,9.11,9.11.1_en,Juno,Juno,http://dbpedia.org/resource/Juno_Award,20,22,en,0.96849292832393,"Wikidata:Q618779,DBpedia:Award"
FabulaeAesopiae,10,10.3,10.3.0_it,Stripes,Stripes,http://it.dbpedia.org/resource/Stripes_-_Un_plotone_di_svitati,8,9,it,0.9999958232618595,
FabulaeAesopiae,10,10.4,10.4.0_it,dice,dice,http://it.dbpedia.org/resource/Digital_Illusions_Creative_Entertainment,19,21,it,0.9997778557227318,
FabulaeAesopiae,10,10.4,10.4.0_en,AESOPUS,AESOPUS,http://dbpedia.org/resource/Clodius_Aesopus,8,9,en,0.9954616806081318,
FabulaeAesopiae,10,10.5,10.5.0_it,mucca,mucca,http://it.dbpedia.org/resource/Bos_taurus,43,45,it,0.9784932460121244,
FabulaeAesopiae,10,10.5,10.5.0_en,cow,cow,http://dbpedia.org/resource/Cattle,30,32,en,0.9993339710818415,
FabulaeAesopiae,10,10.6,10.6.0_it,collo,collo,http://it.dbpedia.org/resource/Collo,39,41,it,0.9999957839065761,
FabulaeAesopiae,10,10.8,10.8.0_it,dice,dice,http://it.dbpedia.org/resource/Digital_Illusions_Creative_Entertainment,39,41,it,0.999810322731188,
FabulaeAesopiae,12,12.1,12.1.0_it,asino,asino,http://it.dbpedia.org/resource/Equus_africanus_asinus,11,13,it,0.9999991529849871,
FabulaeAesopiae,12,12.1,12.1.0_en,meadow,meadow,http://dbpedia.org/resource/Meadow,34,36,en,0.9978737945527425,
FabulaeAesopiae,12,12.1,12.1.1_en,lyre,lyre,http://dbpedia.org/resource/Lyre,41,43,en,0.9998294350166604,
FabulaeAesopiae,12,12.2,12.2.0_en,hoof,hoof,http://dbpedia.org/resource/Horse_hoof,33,35,en,0.6090100068816083,
FabulaeAesopiae,12,12.5,12.5.0_it,Dio,Dio,http://it.dbpedia.org/resource/Dio,23,25,it,0.9974860491881824,
FabulaeAesopiae,12,12.5,12.5.0_en,God,God,http://dbpedia.org/resource/God,8,9,en,0.6923891077200469,
FabulaeAesopiae,13,13.2,13.2.0_en,sarcophagus,sarcophagus,http://dbpedia.org/resource/Sarcophagus,21,23,en,0.9998451057786663,
FabulaeAesopiae,13,13.15,13.15.0_en,The corrupted,The_corrupted,http://dbpedia.org/resource/G._F._Newman,8,9,en,0.9993294405905029,"Http://xmlns.com/foaf/0.1/Person,Wikidata:Q5,Wikidata:Q36180,Wikidata:Q24229398,Wikidata:Q215627,DUL:NaturalPerson,DUL:Agent,Schema:Person,DBpedia:Person,DBpedia:Agent,DBpedia:Writer"
FabulaeAesopiae,13,13.15,13.15.1_en,soul,soul,http://dbpedia.org/resource/Soul,22,24,en,0.6963098114108679,
FabulaeAesopiae,14,14.7,14.7.0_en,city,city,http://dbpedia.org/resource/City,34,36,en,0.7781305920901432,
FabulaeAesopiae,14,14.7,14.7.1_en,visa,visa,http://dbpedia.org/resource/Travel_visa,44,46,en,0.9993517019590055,
FabulaeAesopiae,14,14.13,14.13.0_it,cracker,cracker,http://it.dbpedia.org/resource/Cracker,39,41,it,0.999177437828519,
FabulaeAesopiae,14,14.14,14.14.1_it,Tonnellate,Tonnellate,http://it.dbpedia.org/resource/Tonnellata,8,9,it,0.9999970336328744,
FabulaeAesopiae,14,14.15,14.15.0_it,grandine,grandine,http://it.dbpedia.org/resource/Grandine,64,66,it,0.999998393903578,
FabulaeAesopiae,14,14.17,14.17.0_en,ASELLA,ASELLA,http://dbpedia.org/resource/Asella,8,9,en,1.0,"Wikidata:Q486972,Schema:Place,DBpedia:PopulatedPlace,DBpedia:Place,DBpedia:Location,DBpedia:Settlement"
FabulaeAesopiae,14,14.23,14.23.0_it,bacco,bacco,http://it.dbpedia.org/resource/Bacco,34,36,it,0.9997242972055068,
FabulaeAesopiae,15,15.1,15.1.0_en,AESOPUS,AESOPUS,http://dbpedia.org/resource/Clodius_Aesopus,8,9,en,0.9985867907396284,
FabulaeAesopiae,15,15.5,15.5.0_it,fai,fai,http://it.dbpedia.org/resource/Fondo_Ambiente_Italiano,13,15,it,0.9149742584708339,
FabulaeAesopiae,15,15.7,15.7.0_it,tua,tua,http://it.dbpedia.org/resource/Ferrovia_del_Tua,48,50,it,0.993189723294699,
FabulaeAesopiae,15,15.12,15.12.0_it,dice,dice,http://it.dbpedia.org/resource/Digital_Illusions_Creative_Entertainment,15,17,it,0.9998852718185657,
FabulaeAesopiae,16,16.1,16.1.0_it,gatto,gatto,http://it.dbpedia.org/resource/Felis_silvestris_catus,11,13,it,0.9984047932865792,
FabulaeAesopiae,17,17.1,17.1.0_it,scrofa,scrofa,http://it.dbpedia.org/resource/Sus_scrofa_domesticus,35,37,it,0.9999988800963298,
FabulaeAesopiae,17,17.3,17.3.0_it,funghi,funghi,http://it.dbpedia.org/resource/Fungi,22,24,it,0.9998473076600393,
FabulaeAesopiae,18,18.2,18.2.0_en,Aesop,Aesop,http://dbpedia.org/resource/Aesop,8,9,en,0.9580815986660713,"Http://xmlns.com/foaf/0.1/Person,Wikidata:Q5,Wikidata:Q36180,Wikidata:Q24229398,Wikidata:Q215627,DUL:NaturalPerson,DUL:Agent,Schema:Person,DBpedia:Person,DBpedia:Agent,DBpedia:Writer"
FabulaeAesopiae,18,18.3,18.3.0_it,chiaramente,chiaramente,http://it.dbpedia.org/resource/ChiARAMente,33,35,it,0.9964537409451992,
FabulaeAesopiae,18,18.13,18.13.0_it,dice,dice,http://it.dbpedia.org/resource/Digital_Illusions_Creative_Entertainment,18,20,it,0.9997000593158489,
FabulaeAesopiae,18,18.13,18.13.1_it,fai,fai,http://it.dbpedia.org/resource/Fondo_Ambiente_Italiano,40,42,it,0.8801990237730204,
FabulaeAesopiae,19,19.1,19.1.0_en,horse,horse,http://dbpedia.org/resource/Horse,10,12,en,0.9993274839112262,
FabulaeAesopiae,19,19.1,19.1.1_en,chariot,chariot,http://dbpedia.org/resource/Chariot,21,23,en,0.9942365069272702,
FabulaeAesopiae,19,19.4,19.4.0_it,sport,sport,http://it.dbpedia.org/resource/Sport,35,37,it,0.9995498457801811,
FabulaeAesopiae,19,19.5,19.5.0_en,Go,Go,http://dbpedia.org/resource/Go_(game),28,30,en,0.9785331882203543,"Wikidata:Q1914636,Wikidata:Q11410,Http://www.ontologydesignpatterns.org/ont/d0.owl#Activity,DBpedia:Activity,DBpedia:Game"
FabulaeAesopiae,20,20.2,20.2.0_it,Rocky,Rocky,http://it.dbpedia.org/resource/Rocky,8,9,it,0.986953478240175,
FabulaeAesopiae,20,20.2,20.2.1_it,rock,rock,http://it.dbpedia.org/resource/Rock,48,50,it,0.9929238489907695,
FabulaeAesopiae,20,20.2,20.2.0_en,Rocky,Rocky,http://dbpedia.org/resource/Rocky,8,9,en,0.8952148209833942,
FabulaeAesopiae,20,20.4,20.4.0_en,boot,boot,http://dbpedia.org/resource/Boot,35,37,en,0.7414689726552073,
FabulaeAesopiae,20,20.6,20.6.0_en,famine,famine,http://dbpedia.org/resource/Famine,38,40,en,0.9955271261199391,
FabulaeAesopiae,21,21.8,21.8.0_en,raven,raven,http://dbpedia.org/resource/Raven,18,20,en,0.9250271156082366,
FabulaeAesopiae,22,22.1,22.1.0_it,Wing,Wing,http://it.dbpedia.org/resource/Associazione_Hunter,26,28,it,0.9525405945788065,
FabulaeAesopiae,22,22.1,22.1.1_it,Stick,Stick,http://it.dbpedia.org/resource/Chapman_Stick,31,33,it,0.993961198315237,
FabulaeAesopiae,23,23.1,23.1.0_en,lizard,lizard,http://dbpedia.org/resource/Lizard,18,20,en,0.9999838573912225,
FabulaeAesopiae,23,23.2,23.2.0_en,gluttony,gluttony,http://dbpedia.org/resource/Gluttony,27,29,en,0.9999997707431426,
FabulaeAesopiae,23,23.3,23.3.0_en,squeegee,squeegee,http://dbpedia.org/resource/Squeegee,36,38,en,0.9999998135554936,
FabulaeAesopiae,23,23.5,23.5.0_en,snake,snake,http://dbpedia.org/resource/Snake,54,56,en,0.9999425045602285,
FabulaeAesopiae,24,24.3,24.3.0_it,dice,dice,http://it.dbpedia.org/resource/Digital_Illusions_Creative_Entertainment,11,13,it,0.9997000593158631,
FabulaeAesopiae,25,25.1,25.1.0_it,Socrate,Socrate,http://it.dbpedia.org/resource/Socrate,41,43,it,0.9995586444780057,
FabulaeAesopiae,25,25.1,25.1.0_en,Socrates,Socrates,http://dbpedia.org/resource/Socrates,40,42,en,0.999895620102253,"Http://xmlns.com/foaf/0.1/Person,Wikidata:Q5,Wikidata:Q4964182,Wikidata:Q24229398,Wikidata:Q215627,DUL:NaturalPerson,DUL:Agent,Schema:Person,DBpedia:Person,DBpedia:Agent,DBpedia:Philosopher"
FabulaeAesopiae,26,26.1,26.1.0_en,Hunter,Hunter,http://dbpedia.org/resource/Hunter_Region,17,19,en,0.7345768556208337,"Wikidata:Q3455524,Schema:Place,Schema:AdministrativeArea,DBpedia:Region,DBpedia:PopulatedPlace,DBpedia:Place,DBpedia:Location,DBpedia:AdministrativeRegion"
FabulaeAesopiae,26,26.4,26.4.0_it,non aver paura,non_aver_paura,http://it.dbpedia.org/resource/Non_aver_paura,44,46,it,0.999999999992724,
FabulaeAesopiae,28,28.2,28.2.0_en,Castor,Castor,http://dbpedia.org/resource/Castor_and_Pollux,20,22,en,0.9678716144827583,
FabulaeAesopiae,28,28.3,28.3.0_it,Dio,Dio,http://it.dbpedia.org/resource/Dio,32,34,it,0.9966092970071647,
FabulaeAesopiae,28,28.3,28.3.0_en,God,God,http://dbpedia.org/resource/God,38,40,en,0.7834140558746959,
FabulaeAesopiae,28,28.4,28.4.0_it,testicoli,testicoli,http://it.dbpedia.org/resource/Testicolo,42,44,it,0.9999996388771789,
FabulaeAesopiae,29,29.6,29.6.0_it,mulo,mulo,http://it.dbpedia.org/resource/Mulo,28,30,it,0.9999982794727296,
FabulaeAesopiae,29,29.6,29.6.0_en,mule,mule,http://dbpedia.org/resource/Mule,30,32,en,0.9936633280967159,
FabulaeAesopiae,29,29.8,29.8.0_it,Vespa,Vespa,http://it.dbpedia.org/resource/Piaggio_Vespa,11,13,it,0.9875922157461507,
FabulaeAesopiae,30,30.4,30.4.0_it,dice,dice,http://it.dbpedia.org/resource/Digital_Illusions_Creative_Entertainment,13,15,it,0.9998247724512566,
FabulaeAesopiae,30,30.5,30.5.0_en,meadow,meadow,http://dbpedia.org/resource/Meadow,34,36,en,0.9969922985455644,
FabulaeAesopiae,30,30.9,30.9.0_en,plain,plain,http://dbpedia.org/resource/Plain,24,26,en,0.9932742509176224,
FabulaeAesopiae,10,10.3,10.3.0_en,AEsop,AEsop,https://www.wikidata.org/wiki/Q43423,36,41,en,0.6675,['org']
FabulaeAesopiae,17,17.5,17.5.0_en,Ovis,Ovis,https://www.wikidata.org/wiki/Q22724,8,12,en,0.8153,['person']
FabulaeAesopiae,5,5.12,5.12.0_en,Alveo,Alveo,https://www.wikidata.org/wiki/Q792735,8,13,en,0.6514,['person']
FabulaeAesopiae,4,4.3,4.3.0_en,Ianius,Ianius,https://www.wikidata.org/wiki/Q5983370,36,42,en,0.9074,['org']
FabulaeAesopiae,epilogus,epilogus.28,epilogus.28.0_en,plebeian,plebeian,https://www.wikidata.org/wiki/Q104687,23,31,en,0.9022,['norp']
FabulaeAesopiae,prologus,prologus.9,prologus.9.0_en,Aesopia,Aesopia,https://www.wikidata.org/wiki/Q508757,9,16,en,0.8268,['org']
FabulaeAesopiae,2,2.8,2.8.0_en,Mustela,Mustela,https://www.wikidata.org/wiki/Q28521,8,15,en,0.8502,['gpe']
FabulaeAesopiae,11,11.15,11.15.0_it,ira di Dio,ira_di_Dio,https://www.wikidata.org/wiki/Q226765,18,28,it,0.7319,['misc']
FabulaeAesopiae,22,22.2,22.2.0_en,Simonides,Simonides,https://www.wikidata.org/wiki/Q273003,8,17,en,0.866,['person']
FabulaeAesopiae,22,22.21,22.21.0_it,Simonide,Simonide,https://www.wikidata.org/wiki/Q273003,8,16,it,0.7732,['misc']
FabulaeAesopiae,22,22.21,22.21.0_en,Simonides,Simonides,https://www.wikidata.org/wiki/Q273003,8,17,en,0.866,['person']
FabulaeAesopiae,25,25.4,25.4.0_it,Simonide,Simonide,https://www.wikidata.org/wiki/Q273003,8,16,it,0.7732,['per']
FabulaeAesopiae,25,25.4,25.4.0_en,Simonides,Simonides,https://www.wikidata.org/wiki/Q273003,8,17,en,0.866,['person']
FabulaeAesopiae,3,3.1,3.1.0_en,BALL,BALL,https://www.wikidata.org/wiki/Q773235,8,12,en,0.6319,['org']
FabulaeAesopiae,14,14.14,14.14.0_it,Tonnellate,Tonnellate,https://www.wikidata.org/wiki/Q191118,8,18,it,0.6531,['misc']
