parent_uri,type,id,title,child
http://ns.inria.fr/zoomathia/Aristotle/de_sensu_et_sensibilibus,Oeuvre,de_sensu_et_sensibilibus,De sensu et sensibilibus,http://ns.inria.fr/zoomathia/Aristotle/de_sensu_et_sensibilibus/1
http://ns.inria.fr/zoomathia/Aristotle/de_sensu_et_sensibilibus,Chapter,1,1,http://ns.inria.fr/zoomathia/Aristotle/de_sensu_et_sensibilibus/1/1
http://ns.inria.fr/zoomathia/Aristotle/de_sensu_et_sensibilibus/1,Section,1,1,http://ns.inria.fr/zoomathia/Aristotle/de_sensu_et_sensibilibus/1/1/1
http://ns.inria.fr/zoomathia/Aristotle/de_sensu_et_sensibilibus,Chapter,1,1,http://ns.inria.fr/zoomathia/Aristotle/de_sensu_et_sensibilibus/1/2
http://ns.inria.fr/zoomathia/Aristotle/de_sensu_et_sensibilibus/1,Section,2,2,http://ns.inria.fr/zoomathia/Aristotle/de_sensu_et_sensibilibus/1/2/1
http://ns.inria.fr/zoomathia/Aristotle/de_sensu_et_sensibilibus,Chapter,1,1,http://ns.inria.fr/zoomathia/Aristotle/de_sensu_et_sensibilibus/1/3
http://ns.inria.fr/zoomathia/Aristotle/de_sensu_et_sensibilibus/1,Section,3,3,http://ns.inria.fr/zoomathia/Aristotle/de_sensu_et_sensibilibus/1/3/1
http://ns.inria.fr/zoomathia/Aristotle/de_sensu_et_sensibilibus,Chapter,1,1,http://ns.inria.fr/zoomathia/Aristotle/de_sensu_et_sensibilibus/1/4
http://ns.inria.fr/zoomathia/Aristotle/de_sensu_et_sensibilibus/1,Section,4,4,http://ns.inria.fr/zoomathia/Aristotle/de_sensu_et_sensibilibus/1/4/1
http://ns.inria.fr/zoomathia/Aristotle/de_sensu_et_sensibilibus,Chapter,1,1,http://ns.inria.fr/zoomathia/Aristotle/de_sensu_et_sensibilibus/1/5
http://ns.inria.fr/zoomathia/Aristotle/de_sensu_et_sensibilibus/1,Section,5,5,http://ns.inria.fr/zoomathia/Aristotle/de_sensu_et_sensibilibus/1/5/1
http://ns.inria.fr/zoomathia/Aristotle/de_sensu_et_sensibilibus,Chapter,1,1,http://ns.inria.fr/zoomathia/Aristotle/de_sensu_et_sensibilibus/1/6
http://ns.inria.fr/zoomathia/Aristotle/de_sensu_et_sensibilibus/1,Section,6,6,http://ns.inria.fr/zoomathia/Aristotle/de_sensu_et_sensibilibus/1/6/1
http://ns.inria.fr/zoomathia/Aristotle/de_sensu_et_sensibilibus,Chapter,1,1,http://ns.inria.fr/zoomathia/Aristotle/de_sensu_et_sensibilibus/1/7
http://ns.inria.fr/zoomathia/Aristotle/de_sensu_et_sensibilibus/1,Section,7,7,http://ns.inria.fr/zoomathia/Aristotle/de_sensu_et_sensibilibus/1/7/1
http://ns.inria.fr/zoomathia/Aristotle/de_sensu_et_sensibilibus,Chapter,1,1,http://ns.inria.fr/zoomathia/Aristotle/de_sensu_et_sensibilibus/1/8
http://ns.inria.fr/zoomathia/Aristotle/de_sensu_et_sensibilibus/1,Section,8,8,http://ns.inria.fr/zoomathia/Aristotle/de_sensu_et_sensibilibus/1/8/1
http://ns.inria.fr/zoomathia/Aristotle/de_sensu_et_sensibilibus,Chapter,1,1,http://ns.inria.fr/zoomathia/Aristotle/de_sensu_et_sensibilibus/1/9
http://ns.inria.fr/zoomathia/Aristotle/de_sensu_et_sensibilibus/1,Section,9,9,http://ns.inria.fr/zoomathia/Aristotle/de_sensu_et_sensibilibus/1/9/1
http://ns.inria.fr/zoomathia/Aristotle/de_sensu_et_sensibilibus,Chapter,1,1,http://ns.inria.fr/zoomathia/Aristotle/de_sensu_et_sensibilibus/1/10
http://ns.inria.fr/zoomathia/Aristotle/de_sensu_et_sensibilibus/1,Section,10,10,http://ns.inria.fr/zoomathia/Aristotle/de_sensu_et_sensibilibus/1/10/1
http://ns.inria.fr/zoomathia/Aristotle/de_sensu_et_sensibilibus,Chapter,1,1,http://ns.inria.fr/zoomathia/Aristotle/de_sensu_et_sensibilibus/1/11
http://ns.inria.fr/zoomathia/Aristotle/de_sensu_et_sensibilibus/1,Section,11,11,http://ns.inria.fr/zoomathia/Aristotle/de_sensu_et_sensibilibus/1/11/1
http://ns.inria.fr/zoomathia/Aristotle/de_sensu_et_sensibilibus,Chapter,1,1,http://ns.inria.fr/zoomathia/Aristotle/de_sensu_et_sensibilibus/1/12
http://ns.inria.fr/zoomathia/Aristotle/de_sensu_et_sensibilibus/1,Section,12,12,http://ns.inria.fr/zoomathia/Aristotle/de_sensu_et_sensibilibus/1/12/1
http://ns.inria.fr/zoomathia/Aristotle/de_sensu_et_sensibilibus,Oeuvre,de_sensu_et_sensibilibus,De sensu et sensibilibus,http://ns.inria.fr/zoomathia/Aristotle/de_sensu_et_sensibilibus/2
http://ns.inria.fr/zoomathia/Aristotle/de_sensu_et_sensibilibus,Chapter,2,2,http://ns.inria.fr/zoomathia/Aristotle/de_sensu_et_sensibilibus/2/1
http://ns.inria.fr/zoomathia/Aristotle/de_sensu_et_sensibilibus/2,Section,1,1,http://ns.inria.fr/zoomathia/Aristotle/de_sensu_et_sensibilibus/2/1/1
http://ns.inria.fr/zoomathia/Aristotle/de_sensu_et_sensibilibus,Chapter,2,2,http://ns.inria.fr/zoomathia/Aristotle/de_sensu_et_sensibilibus/2/2
http://ns.inria.fr/zoomathia/Aristotle/de_sensu_et_sensibilibus/2,Section,2,2,http://ns.inria.fr/zoomathia/Aristotle/de_sensu_et_sensibilibus/2/2/1
http://ns.inria.fr/zoomathia/Aristotle/de_sensu_et_sensibilibus,Chapter,2,2,http://ns.inria.fr/zoomathia/Aristotle/de_sensu_et_sensibilibus/2/3
http://ns.inria.fr/zoomathia/Aristotle/de_sensu_et_sensibilibus/2,Section,3,3,http://ns.inria.fr/zoomathia/Aristotle/de_sensu_et_sensibilibus/2/3/1
http://ns.inria.fr/zoomathia/Aristotle/de_sensu_et_sensibilibus,Chapter,2,2,http://ns.inria.fr/zoomathia/Aristotle/de_sensu_et_sensibilibus/2/4
http://ns.inria.fr/zoomathia/Aristotle/de_sensu_et_sensibilibus/2,Section,4,4,http://ns.inria.fr/zoomathia/Aristotle/de_sensu_et_sensibilibus/2/4/1
http://ns.inria.fr/zoomathia/Aristotle/de_sensu_et_sensibilibus,Chapter,2,2,http://ns.inria.fr/zoomathia/Aristotle/de_sensu_et_sensibilibus/2/5
http://ns.inria.fr/zoomathia/Aristotle/de_sensu_et_sensibilibus/2,Section,5,5,http://ns.inria.fr/zoomathia/Aristotle/de_sensu_et_sensibilibus/2/5/1
http://ns.inria.fr/zoomathia/Aristotle/de_sensu_et_sensibilibus,Chapter,2,2,http://ns.inria.fr/zoomathia/Aristotle/de_sensu_et_sensibilibus/2/6
http://ns.inria.fr/zoomathia/Aristotle/de_sensu_et_sensibilibus/2,Section,6,6,http://ns.inria.fr/zoomathia/Aristotle/de_sensu_et_sensibilibus/2/6/1
http://ns.inria.fr/zoomathia/Aristotle/de_sensu_et_sensibilibus,Chapter,2,2,http://ns.inria.fr/zoomathia/Aristotle/de_sensu_et_sensibilibus/2/7
http://ns.inria.fr/zoomathia/Aristotle/de_sensu_et_sensibilibus/2,Section,7,7,http://ns.inria.fr/zoomathia/Aristotle/de_sensu_et_sensibilibus/2/7/1
http://ns.inria.fr/zoomathia/Aristotle/de_sensu_et_sensibilibus,Chapter,2,2,http://ns.inria.fr/zoomathia/Aristotle/de_sensu_et_sensibilibus/2/8
http://ns.inria.fr/zoomathia/Aristotle/de_sensu_et_sensibilibus/2,Section,8,8,http://ns.inria.fr/zoomathia/Aristotle/de_sensu_et_sensibilibus/2/8/1
http://ns.inria.fr/zoomathia/Aristotle/de_sensu_et_sensibilibus,Chapter,2,2,http://ns.inria.fr/zoomathia/Aristotle/de_sensu_et_sensibilibus/2/9
http://ns.inria.fr/zoomathia/Aristotle/de_sensu_et_sensibilibus/2,Section,9,9,http://ns.inria.fr/zoomathia/Aristotle/de_sensu_et_sensibilibus/2/9/1
http://ns.inria.fr/zoomathia/Aristotle/de_sensu_et_sensibilibus,Chapter,2,2,http://ns.inria.fr/zoomathia/Aristotle/de_sensu_et_sensibilibus/2/10
http://ns.inria.fr/zoomathia/Aristotle/de_sensu_et_sensibilibus/2,Section,10,10,http://ns.inria.fr/zoomathia/Aristotle/de_sensu_et_sensibilibus/2/10/1
http://ns.inria.fr/zoomathia/Aristotle/de_sensu_et_sensibilibus,Chapter,2,2,http://ns.inria.fr/zoomathia/Aristotle/de_sensu_et_sensibilibus/2/11
http://ns.inria.fr/zoomathia/Aristotle/de_sensu_et_sensibilibus/2,Section,11,11,http://ns.inria.fr/zoomathia/Aristotle/de_sensu_et_sensibilibus/2/11/1
http://ns.inria.fr/zoomathia/Aristotle/de_sensu_et_sensibilibus,Chapter,2,2,http://ns.inria.fr/zoomathia/Aristotle/de_sensu_et_sensibilibus/2/12
http://ns.inria.fr/zoomathia/Aristotle/de_sensu_et_sensibilibus/2,Section,12,12,http://ns.inria.fr/zoomathia/Aristotle/de_sensu_et_sensibilibus/2/12/1
http://ns.inria.fr/zoomathia/Aristotle/de_sensu_et_sensibilibus,Chapter,2,2,http://ns.inria.fr/zoomathia/Aristotle/de_sensu_et_sensibilibus/2/13
http://ns.inria.fr/zoomathia/Aristotle/de_sensu_et_sensibilibus/2,Section,13,13,http://ns.inria.fr/zoomathia/Aristotle/de_sensu_et_sensibilibus/2/13/1
http://ns.inria.fr/zoomathia/Aristotle/de_sensu_et_sensibilibus,Chapter,2,2,http://ns.inria.fr/zoomathia/Aristotle/de_sensu_et_sensibilibus/2/14
http://ns.inria.fr/zoomathia/Aristotle/de_sensu_et_sensibilibus/2,Section,14,14,http://ns.inria.fr/zoomathia/Aristotle/de_sensu_et_sensibilibus/2/14/1
http://ns.inria.fr/zoomathia/Aristotle/de_sensu_et_sensibilibus,Chapter,2,2,http://ns.inria.fr/zoomathia/Aristotle/de_sensu_et_sensibilibus/2/15
http://ns.inria.fr/zoomathia/Aristotle/de_sensu_et_sensibilibus/2,Section,15,15,http://ns.inria.fr/zoomathia/Aristotle/de_sensu_et_sensibilibus/2/15/1
http://ns.inria.fr/zoomathia/Aristotle/de_sensu_et_sensibilibus,Chapter,2,2,http://ns.inria.fr/zoomathia/Aristotle/de_sensu_et_sensibilibus/2/16
http://ns.inria.fr/zoomathia/Aristotle/de_sensu_et_sensibilibus/2,Section,16,16,http://ns.inria.fr/zoomathia/Aristotle/de_sensu_et_sensibilibus/2/16/1
http://ns.inria.fr/zoomathia/Aristotle/de_sensu_et_sensibilibus,Chapter,2,2,http://ns.inria.fr/zoomathia/Aristotle/de_sensu_et_sensibilibus/2/17
http://ns.inria.fr/zoomathia/Aristotle/de_sensu_et_sensibilibus/2,Section,17,17,http://ns.inria.fr/zoomathia/Aristotle/de_sensu_et_sensibilibus/2/17/1
http://ns.inria.fr/zoomathia/Aristotle/de_sensu_et_sensibilibus,Chapter,2,2,http://ns.inria.fr/zoomathia/Aristotle/de_sensu_et_sensibilibus/2/18
http://ns.inria.fr/zoomathia/Aristotle/de_sensu_et_sensibilibus/2,Section,18,18,http://ns.inria.fr/zoomathia/Aristotle/de_sensu_et_sensibilibus/2/18/1
http://ns.inria.fr/zoomathia/Aristotle/de_sensu_et_sensibilibus,Chapter,2,2,http://ns.inria.fr/zoomathia/Aristotle/de_sensu_et_sensibilibus/2/19
http://ns.inria.fr/zoomathia/Aristotle/de_sensu_et_sensibilibus/2,Section,19,19,http://ns.inria.fr/zoomathia/Aristotle/de_sensu_et_sensibilibus/2/19/1
http://ns.inria.fr/zoomathia/Aristotle/de_sensu_et_sensibilibus,Chapter,2,2,http://ns.inria.fr/zoomathia/Aristotle/de_sensu_et_sensibilibus/2/20
http://ns.inria.fr/zoomathia/Aristotle/de_sensu_et_sensibilibus/2,Section,20,20,http://ns.inria.fr/zoomathia/Aristotle/de_sensu_et_sensibilibus/2/20/1
http://ns.inria.fr/zoomathia/Aristotle/de_sensu_et_sensibilibus,Chapter,2,2,http://ns.inria.fr/zoomathia/Aristotle/de_sensu_et_sensibilibus/2/21
http://ns.inria.fr/zoomathia/Aristotle/de_sensu_et_sensibilibus/2,Section,21,21,http://ns.inria.fr/zoomathia/Aristotle/de_sensu_et_sensibilibus/2/21/1
http://ns.inria.fr/zoomathia/Aristotle/de_sensu_et_sensibilibus,Oeuvre,de_sensu_et_sensibilibus,De sensu et sensibilibus,http://ns.inria.fr/zoomathia/Aristotle/de_sensu_et_sensibilibus/3
http://ns.inria.fr/zoomathia/Aristotle/de_sensu_et_sensibilibus,Chapter,3,3,http://ns.inria.fr/zoomathia/Aristotle/de_sensu_et_sensibilibus/3/1
http://ns.inria.fr/zoomathia/Aristotle/de_sensu_et_sensibilibus/3,Section,1,1,http://ns.inria.fr/zoomathia/Aristotle/de_sensu_et_sensibilibus/3/1/1
http://ns.inria.fr/zoomathia/Aristotle/de_sensu_et_sensibilibus,Chapter,3,3,http://ns.inria.fr/zoomathia/Aristotle/de_sensu_et_sensibilibus/3/2
http://ns.inria.fr/zoomathia/Aristotle/de_sensu_et_sensibilibus/3,Section,2,2,http://ns.inria.fr/zoomathia/Aristotle/de_sensu_et_sensibilibus/3/2/1
http://ns.inria.fr/zoomathia/Aristotle/de_sensu_et_sensibilibus,Chapter,3,3,http://ns.inria.fr/zoomathia/Aristotle/de_sensu_et_sensibilibus/3/3
http://ns.inria.fr/zoomathia/Aristotle/de_sensu_et_sensibilibus/3,Section,3,3,http://ns.inria.fr/zoomathia/Aristotle/de_sensu_et_sensibilibus/3/3/1
http://ns.inria.fr/zoomathia/Aristotle/de_sensu_et_sensibilibus,Chapter,3,3,http://ns.inria.fr/zoomathia/Aristotle/de_sensu_et_sensibilibus/3/4
http://ns.inria.fr/zoomathia/Aristotle/de_sensu_et_sensibilibus/3,Section,4,4,http://ns.inria.fr/zoomathia/Aristotle/de_sensu_et_sensibilibus/3/4/1
http://ns.inria.fr/zoomathia/Aristotle/de_sensu_et_sensibilibus,Chapter,3,3,http://ns.inria.fr/zoomathia/Aristotle/de_sensu_et_sensibilibus/3/5
http://ns.inria.fr/zoomathia/Aristotle/de_sensu_et_sensibilibus/3,Section,5,5,http://ns.inria.fr/zoomathia/Aristotle/de_sensu_et_sensibilibus/3/5/1
http://ns.inria.fr/zoomathia/Aristotle/de_sensu_et_sensibilibus,Chapter,3,3,http://ns.inria.fr/zoomathia/Aristotle/de_sensu_et_sensibilibus/3/6
http://ns.inria.fr/zoomathia/Aristotle/de_sensu_et_sensibilibus/3,Section,6,6,http://ns.inria.fr/zoomathia/Aristotle/de_sensu_et_sensibilibus/3/6/1
http://ns.inria.fr/zoomathia/Aristotle/de_sensu_et_sensibilibus,Chapter,3,3,http://ns.inria.fr/zoomathia/Aristotle/de_sensu_et_sensibilibus/3/7
http://ns.inria.fr/zoomathia/Aristotle/de_sensu_et_sensibilibus/3,Section,7,7,http://ns.inria.fr/zoomathia/Aristotle/de_sensu_et_sensibilibus/3/7/1
http://ns.inria.fr/zoomathia/Aristotle/de_sensu_et_sensibilibus,Chapter,3,3,http://ns.inria.fr/zoomathia/Aristotle/de_sensu_et_sensibilibus/3/8
http://ns.inria.fr/zoomathia/Aristotle/de_sensu_et_sensibilibus/3,Section,8,8,http://ns.inria.fr/zoomathia/Aristotle/de_sensu_et_sensibilibus/3/8/1
http://ns.inria.fr/zoomathia/Aristotle/de_sensu_et_sensibilibus,Chapter,3,3,http://ns.inria.fr/zoomathia/Aristotle/de_sensu_et_sensibilibus/3/9
http://ns.inria.fr/zoomathia/Aristotle/de_sensu_et_sensibilibus/3,Section,9,9,http://ns.inria.fr/zoomathia/Aristotle/de_sensu_et_sensibilibus/3/9/1
http://ns.inria.fr/zoomathia/Aristotle/de_sensu_et_sensibilibus,Chapter,3,3,http://ns.inria.fr/zoomathia/Aristotle/de_sensu_et_sensibilibus/3/10
http://ns.inria.fr/zoomathia/Aristotle/de_sensu_et_sensibilibus/3,Section,10,10,http://ns.inria.fr/zoomathia/Aristotle/de_sensu_et_sensibilibus/3/10/1
http://ns.inria.fr/zoomathia/Aristotle/de_sensu_et_sensibilibus,Chapter,3,3,http://ns.inria.fr/zoomathia/Aristotle/de_sensu_et_sensibilibus/3/11
http://ns.inria.fr/zoomathia/Aristotle/de_sensu_et_sensibilibus/3,Section,11,11,http://ns.inria.fr/zoomathia/Aristotle/de_sensu_et_sensibilibus/3/11/1
http://ns.inria.fr/zoomathia/Aristotle/de_sensu_et_sensibilibus,Chapter,3,3,http://ns.inria.fr/zoomathia/Aristotle/de_sensu_et_sensibilibus/3/12
http://ns.inria.fr/zoomathia/Aristotle/de_sensu_et_sensibilibus/3,Section,12,12,http://ns.inria.fr/zoomathia/Aristotle/de_sensu_et_sensibilibus/3/12/1
http://ns.inria.fr/zoomathia/Aristotle/de_sensu_et_sensibilibus,Chapter,3,3,http://ns.inria.fr/zoomathia/Aristotle/de_sensu_et_sensibilibus/3/13
http://ns.inria.fr/zoomathia/Aristotle/de_sensu_et_sensibilibus/3,Section,13,13,http://ns.inria.fr/zoomathia/Aristotle/de_sensu_et_sensibilibus/3/13/1
http://ns.inria.fr/zoomathia/Aristotle/de_sensu_et_sensibilibus,Chapter,3,3,http://ns.inria.fr/zoomathia/Aristotle/de_sensu_et_sensibilibus/3/14
http://ns.inria.fr/zoomathia/Aristotle/de_sensu_et_sensibilibus/3,Section,14,14,http://ns.inria.fr/zoomathia/Aristotle/de_sensu_et_sensibilibus/3/14/1
http://ns.inria.fr/zoomathia/Aristotle/de_sensu_et_sensibilibus,Chapter,3,3,http://ns.inria.fr/zoomathia/Aristotle/de_sensu_et_sensibilibus/3/15
http://ns.inria.fr/zoomathia/Aristotle/de_sensu_et_sensibilibus/3,Section,15,15,http://ns.inria.fr/zoomathia/Aristotle/de_sensu_et_sensibilibus/3/15/1
http://ns.inria.fr/zoomathia/Aristotle/de_sensu_et_sensibilibus,Chapter,3,3,http://ns.inria.fr/zoomathia/Aristotle/de_sensu_et_sensibilibus/3/16
http://ns.inria.fr/zoomathia/Aristotle/de_sensu_et_sensibilibus/3,Section,16,16,http://ns.inria.fr/zoomathia/Aristotle/de_sensu_et_sensibilibus/3/16/1
http://ns.inria.fr/zoomathia/Aristotle/de_sensu_et_sensibilibus,Chapter,3,3,http://ns.inria.fr/zoomathia/Aristotle/de_sensu_et_sensibilibus/3/17
http://ns.inria.fr/zoomathia/Aristotle/de_sensu_et_sensibilibus/3,Section,17,17,http://ns.inria.fr/zoomathia/Aristotle/de_sensu_et_sensibilibus/3/17/1
http://ns.inria.fr/zoomathia/Aristotle/de_sensu_et_sensibilibus,Chapter,3,3,http://ns.inria.fr/zoomathia/Aristotle/de_sensu_et_sensibilibus/3/18
http://ns.inria.fr/zoomathia/Aristotle/de_sensu_et_sensibilibus/3,Section,18,18,http://ns.inria.fr/zoomathia/Aristotle/de_sensu_et_sensibilibus/3/18/1
http://ns.inria.fr/zoomathia/Aristotle/de_sensu_et_sensibilibus,Chapter,3,3,http://ns.inria.fr/zoomathia/Aristotle/de_sensu_et_sensibilibus/3/19
http://ns.inria.fr/zoomathia/Aristotle/de_sensu_et_sensibilibus/3,Section,19,19,http://ns.inria.fr/zoomathia/Aristotle/de_sensu_et_sensibilibus/3/19/1
http://ns.inria.fr/zoomathia/Aristotle/de_sensu_et_sensibilibus,Chapter,3,3,http://ns.inria.fr/zoomathia/Aristotle/de_sensu_et_sensibilibus/3/20
http://ns.inria.fr/zoomathia/Aristotle/de_sensu_et_sensibilibus/3,Section,20,20,http://ns.inria.fr/zoomathia/Aristotle/de_sensu_et_sensibilibus/3/20/1
http://ns.inria.fr/zoomathia/Aristotle/de_sensu_et_sensibilibus,Chapter,3,3,http://ns.inria.fr/zoomathia/Aristotle/de_sensu_et_sensibilibus/3/21
http://ns.inria.fr/zoomathia/Aristotle/de_sensu_et_sensibilibus/3,Section,21,21,http://ns.inria.fr/zoomathia/Aristotle/de_sensu_et_sensibilibus/3/21/1
http://ns.inria.fr/zoomathia/Aristotle/de_sensu_et_sensibilibus,Chapter,3,3,http://ns.inria.fr/zoomathia/Aristotle/de_sensu_et_sensibilibus/3/22
http://ns.inria.fr/zoomathia/Aristotle/de_sensu_et_sensibilibus/3,Section,22,22,http://ns.inria.fr/zoomathia/Aristotle/de_sensu_et_sensibilibus/3/22/1
http://ns.inria.fr/zoomathia/Aristotle/de_sensu_et_sensibilibus,Chapter,3,3,http://ns.inria.fr/zoomathia/Aristotle/de_sensu_et_sensibilibus/3/23
http://ns.inria.fr/zoomathia/Aristotle/de_sensu_et_sensibilibus/3,Section,23,23,http://ns.inria.fr/zoomathia/Aristotle/de_sensu_et_sensibilibus/3/23/1
http://ns.inria.fr/zoomathia/Aristotle/de_sensu_et_sensibilibus,Oeuvre,de_sensu_et_sensibilibus,De sensu et sensibilibus,http://ns.inria.fr/zoomathia/Aristotle/de_sensu_et_sensibilibus/4
http://ns.inria.fr/zoomathia/Aristotle/de_sensu_et_sensibilibus,Chapter,4,4,http://ns.inria.fr/zoomathia/Aristotle/de_sensu_et_sensibilibus/4/1
http://ns.inria.fr/zoomathia/Aristotle/de_sensu_et_sensibilibus/4,Section,1,1,http://ns.inria.fr/zoomathia/Aristotle/de_sensu_et_sensibilibus/4/1/1
http://ns.inria.fr/zoomathia/Aristotle/de_sensu_et_sensibilibus,Chapter,4,4,http://ns.inria.fr/zoomathia/Aristotle/de_sensu_et_sensibilibus/4/2
http://ns.inria.fr/zoomathia/Aristotle/de_sensu_et_sensibilibus/4,Section,2,2,http://ns.inria.fr/zoomathia/Aristotle/de_sensu_et_sensibilibus/4/2/1
http://ns.inria.fr/zoomathia/Aristotle/de_sensu_et_sensibilibus,Chapter,4,4,http://ns.inria.fr/zoomathia/Aristotle/de_sensu_et_sensibilibus/4/3
http://ns.inria.fr/zoomathia/Aristotle/de_sensu_et_sensibilibus/4,Section,3,3,http://ns.inria.fr/zoomathia/Aristotle/de_sensu_et_sensibilibus/4/3/1
http://ns.inria.fr/zoomathia/Aristotle/de_sensu_et_sensibilibus,Chapter,4,4,http://ns.inria.fr/zoomathia/Aristotle/de_sensu_et_sensibilibus/4/4
http://ns.inria.fr/zoomathia/Aristotle/de_sensu_et_sensibilibus/4,Section,4,4,http://ns.inria.fr/zoomathia/Aristotle/de_sensu_et_sensibilibus/4/4/1
http://ns.inria.fr/zoomathia/Aristotle/de_sensu_et_sensibilibus,Chapter,4,4,http://ns.inria.fr/zoomathia/Aristotle/de_sensu_et_sensibilibus/4/5
http://ns.inria.fr/zoomathia/Aristotle/de_sensu_et_sensibilibus/4,Section,5,5,http://ns.inria.fr/zoomathia/Aristotle/de_sensu_et_sensibilibus/4/5/1
http://ns.inria.fr/zoomathia/Aristotle/de_sensu_et_sensibilibus,Chapter,4,4,http://ns.inria.fr/zoomathia/Aristotle/de_sensu_et_sensibilibus/4/6
http://ns.inria.fr/zoomathia/Aristotle/de_sensu_et_sensibilibus/4,Section,6,6,http://ns.inria.fr/zoomathia/Aristotle/de_sensu_et_sensibilibus/4/6/1
http://ns.inria.fr/zoomathia/Aristotle/de_sensu_et_sensibilibus,Chapter,4,4,http://ns.inria.fr/zoomathia/Aristotle/de_sensu_et_sensibilibus/4/7
http://ns.inria.fr/zoomathia/Aristotle/de_sensu_et_sensibilibus/4,Section,7,7,http://ns.inria.fr/zoomathia/Aristotle/de_sensu_et_sensibilibus/4/7/1
http://ns.inria.fr/zoomathia/Aristotle/de_sensu_et_sensibilibus,Chapter,4,4,http://ns.inria.fr/zoomathia/Aristotle/de_sensu_et_sensibilibus/4/8
http://ns.inria.fr/zoomathia/Aristotle/de_sensu_et_sensibilibus/4,Section,8,8,http://ns.inria.fr/zoomathia/Aristotle/de_sensu_et_sensibilibus/4/8/1
http://ns.inria.fr/zoomathia/Aristotle/de_sensu_et_sensibilibus,Chapter,4,4,http://ns.inria.fr/zoomathia/Aristotle/de_sensu_et_sensibilibus/4/9
http://ns.inria.fr/zoomathia/Aristotle/de_sensu_et_sensibilibus/4,Section,9,9,http://ns.inria.fr/zoomathia/Aristotle/de_sensu_et_sensibilibus/4/9/1
http://ns.inria.fr/zoomathia/Aristotle/de_sensu_et_sensibilibus,Chapter,4,4,http://ns.inria.fr/zoomathia/Aristotle/de_sensu_et_sensibilibus/4/10
http://ns.inria.fr/zoomathia/Aristotle/de_sensu_et_sensibilibus/4,Section,10,10,http://ns.inria.fr/zoomathia/Aristotle/de_sensu_et_sensibilibus/4/10/1
http://ns.inria.fr/zoomathia/Aristotle/de_sensu_et_sensibilibus,Chapter,4,4,http://ns.inria.fr/zoomathia/Aristotle/de_sensu_et_sensibilibus/4/11
http://ns.inria.fr/zoomathia/Aristotle/de_sensu_et_sensibilibus/4,Section,11,11,http://ns.inria.fr/zoomathia/Aristotle/de_sensu_et_sensibilibus/4/11/1
http://ns.inria.fr/zoomathia/Aristotle/de_sensu_et_sensibilibus,Chapter,4,4,http://ns.inria.fr/zoomathia/Aristotle/de_sensu_et_sensibilibus/4/12
http://ns.inria.fr/zoomathia/Aristotle/de_sensu_et_sensibilibus/4,Section,12,12,http://ns.inria.fr/zoomathia/Aristotle/de_sensu_et_sensibilibus/4/12/1
http://ns.inria.fr/zoomathia/Aristotle/de_sensu_et_sensibilibus,Chapter,4,4,http://ns.inria.fr/zoomathia/Aristotle/de_sensu_et_sensibilibus/4/13
http://ns.inria.fr/zoomathia/Aristotle/de_sensu_et_sensibilibus/4,Section,13,13,http://ns.inria.fr/zoomathia/Aristotle/de_sensu_et_sensibilibus/4/13/1
http://ns.inria.fr/zoomathia/Aristotle/de_sensu_et_sensibilibus,Chapter,4,4,http://ns.inria.fr/zoomathia/Aristotle/de_sensu_et_sensibilibus/4/14
http://ns.inria.fr/zoomathia/Aristotle/de_sensu_et_sensibilibus/4,Section,14,14,http://ns.inria.fr/zoomathia/Aristotle/de_sensu_et_sensibilibus/4/14/1
http://ns.inria.fr/zoomathia/Aristotle/de_sensu_et_sensibilibus,Chapter,4,4,http://ns.inria.fr/zoomathia/Aristotle/de_sensu_et_sensibilibus/4/15
http://ns.inria.fr/zoomathia/Aristotle/de_sensu_et_sensibilibus/4,Section,15,15,http://ns.inria.fr/zoomathia/Aristotle/de_sensu_et_sensibilibus/4/15/1
http://ns.inria.fr/zoomathia/Aristotle/de_sensu_et_sensibilibus,Chapter,4,4,http://ns.inria.fr/zoomathia/Aristotle/de_sensu_et_sensibilibus/4/16
http://ns.inria.fr/zoomathia/Aristotle/de_sensu_et_sensibilibus/4,Section,16,16,http://ns.inria.fr/zoomathia/Aristotle/de_sensu_et_sensibilibus/4/16/1
http://ns.inria.fr/zoomathia/Aristotle/de_sensu_et_sensibilibus,Chapter,4,4,http://ns.inria.fr/zoomathia/Aristotle/de_sensu_et_sensibilibus/4/17
http://ns.inria.fr/zoomathia/Aristotle/de_sensu_et_sensibilibus/4,Section,17,17,http://ns.inria.fr/zoomathia/Aristotle/de_sensu_et_sensibilibus/4/17/1
http://ns.inria.fr/zoomathia/Aristotle/de_sensu_et_sensibilibus,Chapter,4,4,http://ns.inria.fr/zoomathia/Aristotle/de_sensu_et_sensibilibus/4/18
http://ns.inria.fr/zoomathia/Aristotle/de_sensu_et_sensibilibus/4,Section,18,18,http://ns.inria.fr/zoomathia/Aristotle/de_sensu_et_sensibilibus/4/18/1
http://ns.inria.fr/zoomathia/Aristotle/de_sensu_et_sensibilibus,Chapter,4,4,http://ns.inria.fr/zoomathia/Aristotle/de_sensu_et_sensibilibus/4/19
http://ns.inria.fr/zoomathia/Aristotle/de_sensu_et_sensibilibus/4,Section,19,19,http://ns.inria.fr/zoomathia/Aristotle/de_sensu_et_sensibilibus/4/19/1
http://ns.inria.fr/zoomathia/Aristotle/de_sensu_et_sensibilibus,Chapter,4,4,http://ns.inria.fr/zoomathia/Aristotle/de_sensu_et_sensibilibus/4/20
http://ns.inria.fr/zoomathia/Aristotle/de_sensu_et_sensibilibus/4,Section,20,20,http://ns.inria.fr/zoomathia/Aristotle/de_sensu_et_sensibilibus/4/20/1
http://ns.inria.fr/zoomathia/Aristotle/de_sensu_et_sensibilibus,Chapter,4,4,http://ns.inria.fr/zoomathia/Aristotle/de_sensu_et_sensibilibus/4/21
http://ns.inria.fr/zoomathia/Aristotle/de_sensu_et_sensibilibus/4,Section,21,21,http://ns.inria.fr/zoomathia/Aristotle/de_sensu_et_sensibilibus/4/21/1
http://ns.inria.fr/zoomathia/Aristotle/de_sensu_et_sensibilibus,Chapter,4,4,http://ns.inria.fr/zoomathia/Aristotle/de_sensu_et_sensibilibus/4/22
http://ns.inria.fr/zoomathia/Aristotle/de_sensu_et_sensibilibus/4,Section,22,22,http://ns.inria.fr/zoomathia/Aristotle/de_sensu_et_sensibilibus/4/22/1
http://ns.inria.fr/zoomathia/Aristotle/de_sensu_et_sensibilibus,Chapter,4,4,http://ns.inria.fr/zoomathia/Aristotle/de_sensu_et_sensibilibus/4/23
http://ns.inria.fr/zoomathia/Aristotle/de_sensu_et_sensibilibus/4,Section,23,23,http://ns.inria.fr/zoomathia/Aristotle/de_sensu_et_sensibilibus/4/23/1
http://ns.inria.fr/zoomathia/Aristotle/de_sensu_et_sensibilibus,Chapter,4,4,http://ns.inria.fr/zoomathia/Aristotle/de_sensu_et_sensibilibus/4/24
http://ns.inria.fr/zoomathia/Aristotle/de_sensu_et_sensibilibus/4,Section,24,24,http://ns.inria.fr/zoomathia/Aristotle/de_sensu_et_sensibilibus/4/24/1
http://ns.inria.fr/zoomathia/Aristotle/de_sensu_et_sensibilibus,Oeuvre,de_sensu_et_sensibilibus,De sensu et sensibilibus,http://ns.inria.fr/zoomathia/Aristotle/de_sensu_et_sensibilibus/5
http://ns.inria.fr/zoomathia/Aristotle/de_sensu_et_sensibilibus,Chapter,5,5,http://ns.inria.fr/zoomathia/Aristotle/de_sensu_et_sensibilibus/5/1
http://ns.inria.fr/zoomathia/Aristotle/de_sensu_et_sensibilibus/5,Section,1,1,http://ns.inria.fr/zoomathia/Aristotle/de_sensu_et_sensibilibus/5/1/1
http://ns.inria.fr/zoomathia/Aristotle/de_sensu_et_sensibilibus,Chapter,5,5,http://ns.inria.fr/zoomathia/Aristotle/de_sensu_et_sensibilibus/5/2
http://ns.inria.fr/zoomathia/Aristotle/de_sensu_et_sensibilibus/5,Section,2,2,http://ns.inria.fr/zoomathia/Aristotle/de_sensu_et_sensibilibus/5/2/1
http://ns.inria.fr/zoomathia/Aristotle/de_sensu_et_sensibilibus,Chapter,5,5,http://ns.inria.fr/zoomathia/Aristotle/de_sensu_et_sensibilibus/5/3
http://ns.inria.fr/zoomathia/Aristotle/de_sensu_et_sensibilibus/5,Section,3,3,http://ns.inria.fr/zoomathia/Aristotle/de_sensu_et_sensibilibus/5/3/1
http://ns.inria.fr/zoomathia/Aristotle/de_sensu_et_sensibilibus,Chapter,5,5,http://ns.inria.fr/zoomathia/Aristotle/de_sensu_et_sensibilibus/5/4
http://ns.inria.fr/zoomathia/Aristotle/de_sensu_et_sensibilibus/5,Section,4,4,http://ns.inria.fr/zoomathia/Aristotle/de_sensu_et_sensibilibus/5/4/1
http://ns.inria.fr/zoomathia/Aristotle/de_sensu_et_sensibilibus,Chapter,5,5,http://ns.inria.fr/zoomathia/Aristotle/de_sensu_et_sensibilibus/5/5
http://ns.inria.fr/zoomathia/Aristotle/de_sensu_et_sensibilibus/5,Section,5,5,http://ns.inria.fr/zoomathia/Aristotle/de_sensu_et_sensibilibus/5/5/1
http://ns.inria.fr/zoomathia/Aristotle/de_sensu_et_sensibilibus,Chapter,5,5,http://ns.inria.fr/zoomathia/Aristotle/de_sensu_et_sensibilibus/5/6
http://ns.inria.fr/zoomathia/Aristotle/de_sensu_et_sensibilibus/5,Section,6,6,http://ns.inria.fr/zoomathia/Aristotle/de_sensu_et_sensibilibus/5/6/1
http://ns.inria.fr/zoomathia/Aristotle/de_sensu_et_sensibilibus,Chapter,5,5,http://ns.inria.fr/zoomathia/Aristotle/de_sensu_et_sensibilibus/5/7
http://ns.inria.fr/zoomathia/Aristotle/de_sensu_et_sensibilibus/5,Section,7,7,http://ns.inria.fr/zoomathia/Aristotle/de_sensu_et_sensibilibus/5/7/1
http://ns.inria.fr/zoomathia/Aristotle/de_sensu_et_sensibilibus,Chapter,5,5,http://ns.inria.fr/zoomathia/Aristotle/de_sensu_et_sensibilibus/5/8
http://ns.inria.fr/zoomathia/Aristotle/de_sensu_et_sensibilibus/5,Section,8,8,http://ns.inria.fr/zoomathia/Aristotle/de_sensu_et_sensibilibus/5/8/1
http://ns.inria.fr/zoomathia/Aristotle/de_sensu_et_sensibilibus,Chapter,5,5,http://ns.inria.fr/zoomathia/Aristotle/de_sensu_et_sensibilibus/5/9
http://ns.inria.fr/zoomathia/Aristotle/de_sensu_et_sensibilibus/5,Section,9,9,http://ns.inria.fr/zoomathia/Aristotle/de_sensu_et_sensibilibus/5/9/1
http://ns.inria.fr/zoomathia/Aristotle/de_sensu_et_sensibilibus,Chapter,5,5,http://ns.inria.fr/zoomathia/Aristotle/de_sensu_et_sensibilibus/5/10
http://ns.inria.fr/zoomathia/Aristotle/de_sensu_et_sensibilibus/5,Section,10,10,http://ns.inria.fr/zoomathia/Aristotle/de_sensu_et_sensibilibus/5/10/1
http://ns.inria.fr/zoomathia/Aristotle/de_sensu_et_sensibilibus,Chapter,5,5,http://ns.inria.fr/zoomathia/Aristotle/de_sensu_et_sensibilibus/5/11
http://ns.inria.fr/zoomathia/Aristotle/de_sensu_et_sensibilibus/5,Section,11,11,http://ns.inria.fr/zoomathia/Aristotle/de_sensu_et_sensibilibus/5/11/1
http://ns.inria.fr/zoomathia/Aristotle/de_sensu_et_sensibilibus,Chapter,5,5,http://ns.inria.fr/zoomathia/Aristotle/de_sensu_et_sensibilibus/5/12
http://ns.inria.fr/zoomathia/Aristotle/de_sensu_et_sensibilibus/5,Section,12,12,http://ns.inria.fr/zoomathia/Aristotle/de_sensu_et_sensibilibus/5/12/1
http://ns.inria.fr/zoomathia/Aristotle/de_sensu_et_sensibilibus,Chapter,5,5,http://ns.inria.fr/zoomathia/Aristotle/de_sensu_et_sensibilibus/5/13
http://ns.inria.fr/zoomathia/Aristotle/de_sensu_et_sensibilibus/5,Section,13,13,http://ns.inria.fr/zoomathia/Aristotle/de_sensu_et_sensibilibus/5/13/1
http://ns.inria.fr/zoomathia/Aristotle/de_sensu_et_sensibilibus,Chapter,5,5,http://ns.inria.fr/zoomathia/Aristotle/de_sensu_et_sensibilibus/5/14
http://ns.inria.fr/zoomathia/Aristotle/de_sensu_et_sensibilibus/5,Section,14,14,http://ns.inria.fr/zoomathia/Aristotle/de_sensu_et_sensibilibus/5/14/1
http://ns.inria.fr/zoomathia/Aristotle/de_sensu_et_sensibilibus,Chapter,5,5,http://ns.inria.fr/zoomathia/Aristotle/de_sensu_et_sensibilibus/5/15
http://ns.inria.fr/zoomathia/Aristotle/de_sensu_et_sensibilibus/5,Section,15,15,http://ns.inria.fr/zoomathia/Aristotle/de_sensu_et_sensibilibus/5/15/1
http://ns.inria.fr/zoomathia/Aristotle/de_sensu_et_sensibilibus,Chapter,5,5,http://ns.inria.fr/zoomathia/Aristotle/de_sensu_et_sensibilibus/5/16
http://ns.inria.fr/zoomathia/Aristotle/de_sensu_et_sensibilibus/5,Section,16,16,http://ns.inria.fr/zoomathia/Aristotle/de_sensu_et_sensibilibus/5/16/1
http://ns.inria.fr/zoomathia/Aristotle/de_sensu_et_sensibilibus,Chapter,5,5,http://ns.inria.fr/zoomathia/Aristotle/de_sensu_et_sensibilibus/5/17
http://ns.inria.fr/zoomathia/Aristotle/de_sensu_et_sensibilibus/5,Section,17,17,http://ns.inria.fr/zoomathia/Aristotle/de_sensu_et_sensibilibus/5/17/1
http://ns.inria.fr/zoomathia/Aristotle/de_sensu_et_sensibilibus,Chapter,5,5,http://ns.inria.fr/zoomathia/Aristotle/de_sensu_et_sensibilibus/5/18
http://ns.inria.fr/zoomathia/Aristotle/de_sensu_et_sensibilibus/5,Section,18,18,http://ns.inria.fr/zoomathia/Aristotle/de_sensu_et_sensibilibus/5/18/1
http://ns.inria.fr/zoomathia/Aristotle/de_sensu_et_sensibilibus,Chapter,5,5,http://ns.inria.fr/zoomathia/Aristotle/de_sensu_et_sensibilibus/5/19
http://ns.inria.fr/zoomathia/Aristotle/de_sensu_et_sensibilibus/5,Section,19,19,http://ns.inria.fr/zoomathia/Aristotle/de_sensu_et_sensibilibus/5/19/1
http://ns.inria.fr/zoomathia/Aristotle/de_sensu_et_sensibilibus,Chapter,5,5,http://ns.inria.fr/zoomathia/Aristotle/de_sensu_et_sensibilibus/5/20
http://ns.inria.fr/zoomathia/Aristotle/de_sensu_et_sensibilibus/5,Section,20,20,http://ns.inria.fr/zoomathia/Aristotle/de_sensu_et_sensibilibus/5/20/1
http://ns.inria.fr/zoomathia/Aristotle/de_sensu_et_sensibilibus,Chapter,5,5,http://ns.inria.fr/zoomathia/Aristotle/de_sensu_et_sensibilibus/5/21
http://ns.inria.fr/zoomathia/Aristotle/de_sensu_et_sensibilibus/5,Section,21,21,http://ns.inria.fr/zoomathia/Aristotle/de_sensu_et_sensibilibus/5/21/1
http://ns.inria.fr/zoomathia/Aristotle/de_sensu_et_sensibilibus,Chapter,5,5,http://ns.inria.fr/zoomathia/Aristotle/de_sensu_et_sensibilibus/5/22
http://ns.inria.fr/zoomathia/Aristotle/de_sensu_et_sensibilibus/5,Section,22,22,http://ns.inria.fr/zoomathia/Aristotle/de_sensu_et_sensibilibus/5/22/1
http://ns.inria.fr/zoomathia/Aristotle/de_sensu_et_sensibilibus,Chapter,5,5,http://ns.inria.fr/zoomathia/Aristotle/de_sensu_et_sensibilibus/5/23
http://ns.inria.fr/zoomathia/Aristotle/de_sensu_et_sensibilibus/5,Section,23,23,http://ns.inria.fr/zoomathia/Aristotle/de_sensu_et_sensibilibus/5/23/1
http://ns.inria.fr/zoomathia/Aristotle/de_sensu_et_sensibilibus,Chapter,5,5,http://ns.inria.fr/zoomathia/Aristotle/de_sensu_et_sensibilibus/5/24
http://ns.inria.fr/zoomathia/Aristotle/de_sensu_et_sensibilibus/5,Section,24,24,http://ns.inria.fr/zoomathia/Aristotle/de_sensu_et_sensibilibus/5/24/1
http://ns.inria.fr/zoomathia/Aristotle/de_sensu_et_sensibilibus,Chapter,5,5,http://ns.inria.fr/zoomathia/Aristotle/de_sensu_et_sensibilibus/5/25
http://ns.inria.fr/zoomathia/Aristotle/de_sensu_et_sensibilibus/5,Section,25,25,http://ns.inria.fr/zoomathia/Aristotle/de_sensu_et_sensibilibus/5/25/1
http://ns.inria.fr/zoomathia/Aristotle/de_sensu_et_sensibilibus,Chapter,5,5,http://ns.inria.fr/zoomathia/Aristotle/de_sensu_et_sensibilibus/5/26
http://ns.inria.fr/zoomathia/Aristotle/de_sensu_et_sensibilibus/5,Section,26,26,http://ns.inria.fr/zoomathia/Aristotle/de_sensu_et_sensibilibus/5/26/1
http://ns.inria.fr/zoomathia/Aristotle/de_sensu_et_sensibilibus,Chapter,5,5,http://ns.inria.fr/zoomathia/Aristotle/de_sensu_et_sensibilibus/5/27
http://ns.inria.fr/zoomathia/Aristotle/de_sensu_et_sensibilibus/5,Section,27,27,http://ns.inria.fr/zoomathia/Aristotle/de_sensu_et_sensibilibus/5/27/1
http://ns.inria.fr/zoomathia/Aristotle/de_sensu_et_sensibilibus,Chapter,5,5,http://ns.inria.fr/zoomathia/Aristotle/de_sensu_et_sensibilibus/5/28
http://ns.inria.fr/zoomathia/Aristotle/de_sensu_et_sensibilibus/5,Section,28,28,http://ns.inria.fr/zoomathia/Aristotle/de_sensu_et_sensibilibus/5/28/1
http://ns.inria.fr/zoomathia/Aristotle/de_sensu_et_sensibilibus,Chapter,5,5,http://ns.inria.fr/zoomathia/Aristotle/de_sensu_et_sensibilibus/5/29
http://ns.inria.fr/zoomathia/Aristotle/de_sensu_et_sensibilibus/5,Section,29,29,http://ns.inria.fr/zoomathia/Aristotle/de_sensu_et_sensibilibus/5/29/1
http://ns.inria.fr/zoomathia/Aristotle/de_sensu_et_sensibilibus,Chapter,5,5,http://ns.inria.fr/zoomathia/Aristotle/de_sensu_et_sensibilibus/5/30
http://ns.inria.fr/zoomathia/Aristotle/de_sensu_et_sensibilibus/5,Section,30,30,http://ns.inria.fr/zoomathia/Aristotle/de_sensu_et_sensibilibus/5/30/1
http://ns.inria.fr/zoomathia/Aristotle/de_sensu_et_sensibilibus,Chapter,5,5,http://ns.inria.fr/zoomathia/Aristotle/de_sensu_et_sensibilibus/5/31
http://ns.inria.fr/zoomathia/Aristotle/de_sensu_et_sensibilibus/5,Section,31,31,http://ns.inria.fr/zoomathia/Aristotle/de_sensu_et_sensibilibus/5/31/1
http://ns.inria.fr/zoomathia/Aristotle/de_sensu_et_sensibilibus,Chapter,5,5,http://ns.inria.fr/zoomathia/Aristotle/de_sensu_et_sensibilibus/5/32
http://ns.inria.fr/zoomathia/Aristotle/de_sensu_et_sensibilibus/5,Section,32,32,http://ns.inria.fr/zoomathia/Aristotle/de_sensu_et_sensibilibus/5/32/1
http://ns.inria.fr/zoomathia/Aristotle/de_sensu_et_sensibilibus,Oeuvre,de_sensu_et_sensibilibus,De sensu et sensibilibus,http://ns.inria.fr/zoomathia/Aristotle/de_sensu_et_sensibilibus/6
http://ns.inria.fr/zoomathia/Aristotle/de_sensu_et_sensibilibus,Chapter,6,6,http://ns.inria.fr/zoomathia/Aristotle/de_sensu_et_sensibilibus/6/1
http://ns.inria.fr/zoomathia/Aristotle/de_sensu_et_sensibilibus/6,Section,1,1,http://ns.inria.fr/zoomathia/Aristotle/de_sensu_et_sensibilibus/6/1/1
http://ns.inria.fr/zoomathia/Aristotle/de_sensu_et_sensibilibus,Chapter,6,6,http://ns.inria.fr/zoomathia/Aristotle/de_sensu_et_sensibilibus/6/2
http://ns.inria.fr/zoomathia/Aristotle/de_sensu_et_sensibilibus/6,Section,2,2,http://ns.inria.fr/zoomathia/Aristotle/de_sensu_et_sensibilibus/6/2/1
http://ns.inria.fr/zoomathia/Aristotle/de_sensu_et_sensibilibus,Chapter,6,6,http://ns.inria.fr/zoomathia/Aristotle/de_sensu_et_sensibilibus/6/3
http://ns.inria.fr/zoomathia/Aristotle/de_sensu_et_sensibilibus/6,Section,3,3,http://ns.inria.fr/zoomathia/Aristotle/de_sensu_et_sensibilibus/6/3/1
http://ns.inria.fr/zoomathia/Aristotle/de_sensu_et_sensibilibus,Chapter,6,6,http://ns.inria.fr/zoomathia/Aristotle/de_sensu_et_sensibilibus/6/4
http://ns.inria.fr/zoomathia/Aristotle/de_sensu_et_sensibilibus/6,Section,4,4,http://ns.inria.fr/zoomathia/Aristotle/de_sensu_et_sensibilibus/6/4/1
http://ns.inria.fr/zoomathia/Aristotle/de_sensu_et_sensibilibus,Chapter,6,6,http://ns.inria.fr/zoomathia/Aristotle/de_sensu_et_sensibilibus/6/5
http://ns.inria.fr/zoomathia/Aristotle/de_sensu_et_sensibilibus/6,Section,5,5,http://ns.inria.fr/zoomathia/Aristotle/de_sensu_et_sensibilibus/6/5/1
http://ns.inria.fr/zoomathia/Aristotle/de_sensu_et_sensibilibus,Chapter,6,6,http://ns.inria.fr/zoomathia/Aristotle/de_sensu_et_sensibilibus/6/6
http://ns.inria.fr/zoomathia/Aristotle/de_sensu_et_sensibilibus/6,Section,6,6,http://ns.inria.fr/zoomathia/Aristotle/de_sensu_et_sensibilibus/6/6/1
http://ns.inria.fr/zoomathia/Aristotle/de_sensu_et_sensibilibus,Chapter,6,6,http://ns.inria.fr/zoomathia/Aristotle/de_sensu_et_sensibilibus/6/7
http://ns.inria.fr/zoomathia/Aristotle/de_sensu_et_sensibilibus/6,Section,7,7,http://ns.inria.fr/zoomathia/Aristotle/de_sensu_et_sensibilibus/6/7/1
http://ns.inria.fr/zoomathia/Aristotle/de_sensu_et_sensibilibus,Chapter,6,6,http://ns.inria.fr/zoomathia/Aristotle/de_sensu_et_sensibilibus/6/8
http://ns.inria.fr/zoomathia/Aristotle/de_sensu_et_sensibilibus/6,Section,8,8,http://ns.inria.fr/zoomathia/Aristotle/de_sensu_et_sensibilibus/6/8/1
http://ns.inria.fr/zoomathia/Aristotle/de_sensu_et_sensibilibus,Chapter,6,6,http://ns.inria.fr/zoomathia/Aristotle/de_sensu_et_sensibilibus/6/9
http://ns.inria.fr/zoomathia/Aristotle/de_sensu_et_sensibilibus/6,Section,9,9,http://ns.inria.fr/zoomathia/Aristotle/de_sensu_et_sensibilibus/6/9/1
http://ns.inria.fr/zoomathia/Aristotle/de_sensu_et_sensibilibus,Chapter,6,6,http://ns.inria.fr/zoomathia/Aristotle/de_sensu_et_sensibilibus/6/10
http://ns.inria.fr/zoomathia/Aristotle/de_sensu_et_sensibilibus/6,Section,10,10,http://ns.inria.fr/zoomathia/Aristotle/de_sensu_et_sensibilibus/6/10/1
http://ns.inria.fr/zoomathia/Aristotle/de_sensu_et_sensibilibus,Chapter,6,6,http://ns.inria.fr/zoomathia/Aristotle/de_sensu_et_sensibilibus/6/11
http://ns.inria.fr/zoomathia/Aristotle/de_sensu_et_sensibilibus/6,Section,11,11,http://ns.inria.fr/zoomathia/Aristotle/de_sensu_et_sensibilibus/6/11/1
http://ns.inria.fr/zoomathia/Aristotle/de_sensu_et_sensibilibus,Chapter,6,6,http://ns.inria.fr/zoomathia/Aristotle/de_sensu_et_sensibilibus/6/12
http://ns.inria.fr/zoomathia/Aristotle/de_sensu_et_sensibilibus/6,Section,12,12,http://ns.inria.fr/zoomathia/Aristotle/de_sensu_et_sensibilibus/6/12/1
http://ns.inria.fr/zoomathia/Aristotle/de_sensu_et_sensibilibus,Chapter,6,6,http://ns.inria.fr/zoomathia/Aristotle/de_sensu_et_sensibilibus/6/13
http://ns.inria.fr/zoomathia/Aristotle/de_sensu_et_sensibilibus/6,Section,13,13,http://ns.inria.fr/zoomathia/Aristotle/de_sensu_et_sensibilibus/6/13/1
http://ns.inria.fr/zoomathia/Aristotle/de_sensu_et_sensibilibus,Chapter,6,6,http://ns.inria.fr/zoomathia/Aristotle/de_sensu_et_sensibilibus/6/14
http://ns.inria.fr/zoomathia/Aristotle/de_sensu_et_sensibilibus/6,Section,14,14,http://ns.inria.fr/zoomathia/Aristotle/de_sensu_et_sensibilibus/6/14/1
http://ns.inria.fr/zoomathia/Aristotle/de_sensu_et_sensibilibus,Chapter,6,6,http://ns.inria.fr/zoomathia/Aristotle/de_sensu_et_sensibilibus/6/15
http://ns.inria.fr/zoomathia/Aristotle/de_sensu_et_sensibilibus/6,Section,15,15,http://ns.inria.fr/zoomathia/Aristotle/de_sensu_et_sensibilibus/6/15/1
http://ns.inria.fr/zoomathia/Aristotle/de_sensu_et_sensibilibus,Chapter,6,6,http://ns.inria.fr/zoomathia/Aristotle/de_sensu_et_sensibilibus/6/16
http://ns.inria.fr/zoomathia/Aristotle/de_sensu_et_sensibilibus/6,Section,16,16,http://ns.inria.fr/zoomathia/Aristotle/de_sensu_et_sensibilibus/6/16/1
http://ns.inria.fr/zoomathia/Aristotle/de_sensu_et_sensibilibus,Chapter,6,6,http://ns.inria.fr/zoomathia/Aristotle/de_sensu_et_sensibilibus/6/17
http://ns.inria.fr/zoomathia/Aristotle/de_sensu_et_sensibilibus/6,Section,17,17,http://ns.inria.fr/zoomathia/Aristotle/de_sensu_et_sensibilibus/6/17/1
http://ns.inria.fr/zoomathia/Aristotle/de_sensu_et_sensibilibus,Chapter,6,6,http://ns.inria.fr/zoomathia/Aristotle/de_sensu_et_sensibilibus/6/18
http://ns.inria.fr/zoomathia/Aristotle/de_sensu_et_sensibilibus/6,Section,18,18,http://ns.inria.fr/zoomathia/Aristotle/de_sensu_et_sensibilibus/6/18/1
http://ns.inria.fr/zoomathia/Aristotle/de_sensu_et_sensibilibus,Chapter,6,6,http://ns.inria.fr/zoomathia/Aristotle/de_sensu_et_sensibilibus/6/19
http://ns.inria.fr/zoomathia/Aristotle/de_sensu_et_sensibilibus/6,Section,19,19,http://ns.inria.fr/zoomathia/Aristotle/de_sensu_et_sensibilibus/6/19/1
http://ns.inria.fr/zoomathia/Aristotle/de_sensu_et_sensibilibus,Chapter,6,6,http://ns.inria.fr/zoomathia/Aristotle/de_sensu_et_sensibilibus/6/20
http://ns.inria.fr/zoomathia/Aristotle/de_sensu_et_sensibilibus/6,Section,20,20,http://ns.inria.fr/zoomathia/Aristotle/de_sensu_et_sensibilibus/6/20/1
http://ns.inria.fr/zoomathia/Aristotle/de_sensu_et_sensibilibus,Chapter,6,6,http://ns.inria.fr/zoomathia/Aristotle/de_sensu_et_sensibilibus/6/21
http://ns.inria.fr/zoomathia/Aristotle/de_sensu_et_sensibilibus/6,Section,21,21,http://ns.inria.fr/zoomathia/Aristotle/de_sensu_et_sensibilibus/6/21/1
http://ns.inria.fr/zoomathia/Aristotle/de_sensu_et_sensibilibus,Chapter,6,6,http://ns.inria.fr/zoomathia/Aristotle/de_sensu_et_sensibilibus/6/22
http://ns.inria.fr/zoomathia/Aristotle/de_sensu_et_sensibilibus/6,Section,22,22,http://ns.inria.fr/zoomathia/Aristotle/de_sensu_et_sensibilibus/6/22/1
http://ns.inria.fr/zoomathia/Aristotle/de_sensu_et_sensibilibus,Oeuvre,de_sensu_et_sensibilibus,De sensu et sensibilibus,http://ns.inria.fr/zoomathia/Aristotle/de_sensu_et_sensibilibus/7
http://ns.inria.fr/zoomathia/Aristotle/de_sensu_et_sensibilibus,Chapter,7,7,http://ns.inria.fr/zoomathia/Aristotle/de_sensu_et_sensibilibus/7/1
http://ns.inria.fr/zoomathia/Aristotle/de_sensu_et_sensibilibus/7,Section,1,1,http://ns.inria.fr/zoomathia/Aristotle/de_sensu_et_sensibilibus/7/1/1
http://ns.inria.fr/zoomathia/Aristotle/de_sensu_et_sensibilibus,Chapter,7,7,http://ns.inria.fr/zoomathia/Aristotle/de_sensu_et_sensibilibus/7/2
http://ns.inria.fr/zoomathia/Aristotle/de_sensu_et_sensibilibus/7,Section,2,2,http://ns.inria.fr/zoomathia/Aristotle/de_sensu_et_sensibilibus/7/2/1
http://ns.inria.fr/zoomathia/Aristotle/de_sensu_et_sensibilibus,Chapter,7,7,http://ns.inria.fr/zoomathia/Aristotle/de_sensu_et_sensibilibus/7/3
http://ns.inria.fr/zoomathia/Aristotle/de_sensu_et_sensibilibus/7,Section,3,3,http://ns.inria.fr/zoomathia/Aristotle/de_sensu_et_sensibilibus/7/3/1
http://ns.inria.fr/zoomathia/Aristotle/de_sensu_et_sensibilibus,Chapter,7,7,http://ns.inria.fr/zoomathia/Aristotle/de_sensu_et_sensibilibus/7/4
http://ns.inria.fr/zoomathia/Aristotle/de_sensu_et_sensibilibus/7,Section,4,4,http://ns.inria.fr/zoomathia/Aristotle/de_sensu_et_sensibilibus/7/4/1
http://ns.inria.fr/zoomathia/Aristotle/de_sensu_et_sensibilibus,Chapter,7,7,http://ns.inria.fr/zoomathia/Aristotle/de_sensu_et_sensibilibus/7/5
http://ns.inria.fr/zoomathia/Aristotle/de_sensu_et_sensibilibus/7,Section,5,5,http://ns.inria.fr/zoomathia/Aristotle/de_sensu_et_sensibilibus/7/5/1
http://ns.inria.fr/zoomathia/Aristotle/de_sensu_et_sensibilibus,Chapter,7,7,http://ns.inria.fr/zoomathia/Aristotle/de_sensu_et_sensibilibus/7/6
http://ns.inria.fr/zoomathia/Aristotle/de_sensu_et_sensibilibus/7,Section,6,6,http://ns.inria.fr/zoomathia/Aristotle/de_sensu_et_sensibilibus/7/6/1
http://ns.inria.fr/zoomathia/Aristotle/de_sensu_et_sensibilibus,Chapter,7,7,http://ns.inria.fr/zoomathia/Aristotle/de_sensu_et_sensibilibus/7/7
http://ns.inria.fr/zoomathia/Aristotle/de_sensu_et_sensibilibus/7,Section,7,7,http://ns.inria.fr/zoomathia/Aristotle/de_sensu_et_sensibilibus/7/7/1
http://ns.inria.fr/zoomathia/Aristotle/de_sensu_et_sensibilibus,Chapter,7,7,http://ns.inria.fr/zoomathia/Aristotle/de_sensu_et_sensibilibus/7/8
http://ns.inria.fr/zoomathia/Aristotle/de_sensu_et_sensibilibus/7,Section,8,8,http://ns.inria.fr/zoomathia/Aristotle/de_sensu_et_sensibilibus/7/8/1
http://ns.inria.fr/zoomathia/Aristotle/de_sensu_et_sensibilibus,Chapter,7,7,http://ns.inria.fr/zoomathia/Aristotle/de_sensu_et_sensibilibus/7/9
http://ns.inria.fr/zoomathia/Aristotle/de_sensu_et_sensibilibus/7,Section,9,9,http://ns.inria.fr/zoomathia/Aristotle/de_sensu_et_sensibilibus/7/9/1
http://ns.inria.fr/zoomathia/Aristotle/de_sensu_et_sensibilibus,Chapter,7,7,http://ns.inria.fr/zoomathia/Aristotle/de_sensu_et_sensibilibus/7/10
http://ns.inria.fr/zoomathia/Aristotle/de_sensu_et_sensibilibus/7,Section,10,10,http://ns.inria.fr/zoomathia/Aristotle/de_sensu_et_sensibilibus/7/10/1
http://ns.inria.fr/zoomathia/Aristotle/de_sensu_et_sensibilibus,Chapter,7,7,http://ns.inria.fr/zoomathia/Aristotle/de_sensu_et_sensibilibus/7/11
http://ns.inria.fr/zoomathia/Aristotle/de_sensu_et_sensibilibus/7,Section,11,11,http://ns.inria.fr/zoomathia/Aristotle/de_sensu_et_sensibilibus/7/11/1
http://ns.inria.fr/zoomathia/Aristotle/de_sensu_et_sensibilibus,Chapter,7,7,http://ns.inria.fr/zoomathia/Aristotle/de_sensu_et_sensibilibus/7/12
http://ns.inria.fr/zoomathia/Aristotle/de_sensu_et_sensibilibus/7,Section,12,12,http://ns.inria.fr/zoomathia/Aristotle/de_sensu_et_sensibilibus/7/12/1
http://ns.inria.fr/zoomathia/Aristotle/de_sensu_et_sensibilibus,Chapter,7,7,http://ns.inria.fr/zoomathia/Aristotle/de_sensu_et_sensibilibus/7/13
http://ns.inria.fr/zoomathia/Aristotle/de_sensu_et_sensibilibus/7,Section,13,13,http://ns.inria.fr/zoomathia/Aristotle/de_sensu_et_sensibilibus/7/13/1
http://ns.inria.fr/zoomathia/Aristotle/de_sensu_et_sensibilibus,Chapter,7,7,http://ns.inria.fr/zoomathia/Aristotle/de_sensu_et_sensibilibus/7/14
http://ns.inria.fr/zoomathia/Aristotle/de_sensu_et_sensibilibus/7,Section,14,14,http://ns.inria.fr/zoomathia/Aristotle/de_sensu_et_sensibilibus/7/14/1
http://ns.inria.fr/zoomathia/Aristotle/de_sensu_et_sensibilibus,Chapter,7,7,http://ns.inria.fr/zoomathia/Aristotle/de_sensu_et_sensibilibus/7/15
http://ns.inria.fr/zoomathia/Aristotle/de_sensu_et_sensibilibus/7,Section,15,15,http://ns.inria.fr/zoomathia/Aristotle/de_sensu_et_sensibilibus/7/15/1
http://ns.inria.fr/zoomathia/Aristotle/de_sensu_et_sensibilibus,Chapter,7,7,http://ns.inria.fr/zoomathia/Aristotle/de_sensu_et_sensibilibus/7/16
http://ns.inria.fr/zoomathia/Aristotle/de_sensu_et_sensibilibus/7,Section,16,16,http://ns.inria.fr/zoomathia/Aristotle/de_sensu_et_sensibilibus/7/16/1
http://ns.inria.fr/zoomathia/Aristotle/de_sensu_et_sensibilibus,Chapter,7,7,http://ns.inria.fr/zoomathia/Aristotle/de_sensu_et_sensibilibus/7/17
http://ns.inria.fr/zoomathia/Aristotle/de_sensu_et_sensibilibus/7,Section,17,17,http://ns.inria.fr/zoomathia/Aristotle/de_sensu_et_sensibilibus/7/17/1
http://ns.inria.fr/zoomathia/Aristotle/de_sensu_et_sensibilibus,Chapter,7,7,http://ns.inria.fr/zoomathia/Aristotle/de_sensu_et_sensibilibus/7/18
http://ns.inria.fr/zoomathia/Aristotle/de_sensu_et_sensibilibus/7,Section,18,18,http://ns.inria.fr/zoomathia/Aristotle/de_sensu_et_sensibilibus/7/18/1
http://ns.inria.fr/zoomathia/Aristotle/de_sensu_et_sensibilibus,Chapter,7,7,http://ns.inria.fr/zoomathia/Aristotle/de_sensu_et_sensibilibus/7/19
http://ns.inria.fr/zoomathia/Aristotle/de_sensu_et_sensibilibus/7,Section,19,19,http://ns.inria.fr/zoomathia/Aristotle/de_sensu_et_sensibilibus/7/19/1
http://ns.inria.fr/zoomathia/Aristotle/de_sensu_et_sensibilibus,Chapter,7,7,http://ns.inria.fr/zoomathia/Aristotle/de_sensu_et_sensibilibus/7/20
http://ns.inria.fr/zoomathia/Aristotle/de_sensu_et_sensibilibus/7,Section,20,20,http://ns.inria.fr/zoomathia/Aristotle/de_sensu_et_sensibilibus/7/20/1
http://ns.inria.fr/zoomathia/Aristotle/de_sensu_et_sensibilibus,Chapter,7,7,http://ns.inria.fr/zoomathia/Aristotle/de_sensu_et_sensibilibus/7/21
http://ns.inria.fr/zoomathia/Aristotle/de_sensu_et_sensibilibus/7,Section,21,21,http://ns.inria.fr/zoomathia/Aristotle/de_sensu_et_sensibilibus/7/21/1
http://ns.inria.fr/zoomathia/Aristotle/de_sensu_et_sensibilibus,Chapter,7,7,http://ns.inria.fr/zoomathia/Aristotle/de_sensu_et_sensibilibus/7/22
http://ns.inria.fr/zoomathia/Aristotle/de_sensu_et_sensibilibus/7,Section,22,22,http://ns.inria.fr/zoomathia/Aristotle/de_sensu_et_sensibilibus/7/22/1
http://ns.inria.fr/zoomathia/Aristotle/de_sensu_et_sensibilibus,Chapter,7,7,http://ns.inria.fr/zoomathia/Aristotle/de_sensu_et_sensibilibus/7/23
http://ns.inria.fr/zoomathia/Aristotle/de_sensu_et_sensibilibus/7,Section,23,23,http://ns.inria.fr/zoomathia/Aristotle/de_sensu_et_sensibilibus/7/23/1
http://ns.inria.fr/zoomathia/Aristotle/de_sensu_et_sensibilibus,Chapter,7,7,http://ns.inria.fr/zoomathia/Aristotle/de_sensu_et_sensibilibus/7/24
http://ns.inria.fr/zoomathia/Aristotle/de_sensu_et_sensibilibus/7,Section,24,24,http://ns.inria.fr/zoomathia/Aristotle/de_sensu_et_sensibilibus/7/24/1
http://ns.inria.fr/zoomathia/Aristotle/de_sensu_et_sensibilibus,Chapter,7,7,http://ns.inria.fr/zoomathia/Aristotle/de_sensu_et_sensibilibus/7/25
http://ns.inria.fr/zoomathia/Aristotle/de_sensu_et_sensibilibus/7,Section,25,25,http://ns.inria.fr/zoomathia/Aristotle/de_sensu_et_sensibilibus/7/25/1
http://ns.inria.fr/zoomathia/Aristotle/de_sensu_et_sensibilibus,Chapter,7,7,http://ns.inria.fr/zoomathia/Aristotle/de_sensu_et_sensibilibus/7/26
http://ns.inria.fr/zoomathia/Aristotle/de_sensu_et_sensibilibus/7,Section,26,26,http://ns.inria.fr/zoomathia/Aristotle/de_sensu_et_sensibilibus/7/26/1
http://ns.inria.fr/zoomathia/Aristotle/de_sensu_et_sensibilibus,Chapter,7,7,http://ns.inria.fr/zoomathia/Aristotle/de_sensu_et_sensibilibus/7/27
http://ns.inria.fr/zoomathia/Aristotle/de_sensu_et_sensibilibus/7,Section,27,27,http://ns.inria.fr/zoomathia/Aristotle/de_sensu_et_sensibilibus/7/27/1
http://ns.inria.fr/zoomathia/Aristotle/de_sensu_et_sensibilibus,Chapter,7,7,http://ns.inria.fr/zoomathia/Aristotle/de_sensu_et_sensibilibus/7/28
http://ns.inria.fr/zoomathia/Aristotle/de_sensu_et_sensibilibus/7,Section,28,28,http://ns.inria.fr/zoomathia/Aristotle/de_sensu_et_sensibilibus/7/28/1
http://ns.inria.fr/zoomathia/Aristotle/de_sensu_et_sensibilibus/7,Section,28,28,http://ns.inria.fr/zoomathia/Aristotle/de_sensu_et_sensibilibus/7/28/2
