title,div_id,index_paragraph,index_annotation,mention,mention_without_space,thezoo_uri,id_concept,concept,start,end,annotation_lang,score,category
WorksandDays(Greek).Machinereadabletext,None_urn:cts:greekLit:tlg0020.tlg002.perseus-grc2,4,4.0_it,Dio,Dio,, ,http://it.dbpedia.org/resource/Dio,68,70,it,0.9983496985355855,
WorksandDays(Greek).Machinereadabletext,None_urn:cts:greekLit:tlg0020.tlg002.perseus-grc2,4,4.0_en,God,God,, ,http://dbpedia.org/resource/God,39,41,en,0.9565156758389217,
WorksandDays(Greek).Machinereadabletext,None_urn:cts:greekLit:tlg0020.tlg002.perseus-grc2,7,7.0_it,Zeus,Zeus,<https://opentheso.huma-num.fr/?idc=pcrtSgaLklRNDT&idt=th310>,pcrtSgaLklRNDT,http://it.dbpedia.org/resource/Zeus,7,8,it,0.99994221618583,
WorksandDays(Greek).Machinereadabletext,None_urn:cts:greekLit:tlg0020.tlg002.perseus-grc2,7,7.0_en,Zeus,Zeus,<https://opentheso.huma-num.fr/?idc=pcrtSgaLklRNDT&idt=th310>,pcrtSgaLklRNDT,http://dbpedia.org/resource/Zeus,7,8,en,0.9999909207409611,"Wikidata:Q24229398,Wikidata:Q178885,DUL:Agent,DBpedia:Agent,DBpedia:Deity"
WorksandDays(Greek).Machinereadabletext,None_urn:cts:greekLit:tlg0020.tlg002.perseus-grc2,14,14.0_en,Nyx,Nyx,<https://opentheso.huma-num.fr/?idc=pcrtKzAS725Sqc&idt=th310>,pcrtKzAS725Sqc,http://dbpedia.org/resource/Nyx,44,46,en,0.9920460436739245,"Wikidata:Q24229398,Wikidata:Q178885,DUL:Agent,DBpedia:Agent,DBpedia:Deity"
WorksandDays(Greek).Machinereadabletext,None_urn:cts:greekLit:tlg0020.tlg002.perseus-grc2,22,22.1_it,Persia,Persia,<https://opentheso.huma-num.fr/?idc=pcrtiz8ndVfKcX&idt=th310>,pcrtiz8ndVfKcX,http://it.dbpedia.org/resource/Persia,8,9,it,0.969875016780688,
WorksandDays(Greek).Machinereadabletext,None_urn:cts:greekLit:tlg0020.tlg002.perseus-grc2,22,22.2_it,Dio,Dio,, ,http://it.dbpedia.org/resource/Dio,43,45,it,0.9979977820850416,
WorksandDays(Greek).Machinereadabletext,None_urn:cts:greekLit:tlg0020.tlg002.perseus-grc2,22,22.0_en,Persia,Persia,<https://opentheso.huma-num.fr/?idc=pcrtiz8ndVfKcX&idt=th310>,pcrtiz8ndVfKcX,http://dbpedia.org/resource/Achaemenid_Empire,8,9,en,0.9563686138460176,"Wikidata:Q6256,Schema:Place,Schema:Country,DBpedia:PopulatedPlace,DBpedia:Place,DBpedia:Location,DBpedia:Country"
WorksandDays(Greek).Machinereadabletext,None_urn:cts:greekLit:tlg0020.tlg002.perseus-grc2,26,26.0_en,Demetrius,Demetrius,, ,http://dbpedia.org/resource/Demetrius_I_of_Macedon,38,40,en,0.661091714263929,"Http://xmlns.com/foaf/0.1/Person,Wikidata:Q729,Wikidata:Q5,Wikidata:Q215627,Wikidata:Q19088,DUL:NaturalPerson,Schema:Person,DBpedia:Species,DBpedia:Person,DBpedia:Eukaryote,DBpedia:Animal,DBpedia:Royalty"
WorksandDays(Greek).Machinereadabletext,None_urn:cts:greekLit:tlg0020.tlg002.perseus-grc2,27,27.1_it,Neikea,Neikea,, ,http://it.dbpedia.org/resource/Neikea,18,20,it,0.8004718802289676,
WorksandDays(Greek).Machinereadabletext,None_urn:cts:greekLit:tlg0020.tlg002.perseus-grc2,27,27.1_en,Neikea,Neikea,, ,http://dbpedia.org/resource/Neikea,21,23,en,0.999999937357517,"Wikidata:Q24229398,Wikidata:Q178885,DUL:Agent,DBpedia:Agent,DBpedia:Deity"
WorksandDays(Greek).Machinereadabletext,None_urn:cts:greekLit:tlg0020.tlg002.perseus-grc2,29,29.0_it,Dio,Dio,, ,http://it.dbpedia.org/resource/Dio,53,55,it,0.9976548257688957,
WorksandDays(Greek).Machinereadabletext,None_urn:cts:greekLit:tlg0020.tlg002.perseus-grc2,36,36.0_en,rudder,rudder,<https://opentheso.huma-num.fr/?idc=pcrtMoSyxvhdn9&idt=th310>,pcrtMoSyxvhdn9,http://dbpedia.org/resource/Rudder,18,20,en,0.9999232729128609,
WorksandDays(Greek).Machinereadabletext,None_urn:cts:greekLit:tlg0020.tlg002.perseus-grc2,36,36.1_en,candle,candle,, ,http://dbpedia.org/resource/Candle,32,34,en,0.9999264056818086,
WorksandDays(Greek).Machinereadabletext,None_urn:cts:greekLit:tlg0020.tlg002.perseus-grc2,38,38.0_it,Zeus,Zeus,<https://opentheso.huma-num.fr/?idc=pcrtSgaLklRNDT&idt=th310>,pcrtSgaLklRNDT,http://it.dbpedia.org/resource/Zeus,9,10,it,0.9999815339637312,
WorksandDays(Greek).Machinereadabletext,None_urn:cts:greekLit:tlg0020.tlg002.perseus-grc2,38,38.0_en,Zeus,Zeus,<https://opentheso.huma-num.fr/?idc=pcrtSgaLklRNDT&idt=th310>,pcrtSgaLklRNDT,http://dbpedia.org/resource/Zeus,10,12,en,0.9996774324461097,"Wikidata:Q24229398,Wikidata:Q178885,DUL:Agent,DBpedia:Agent,DBpedia:Deity"
WorksandDays(Greek).Machinereadabletext,None_urn:cts:greekLit:tlg0020.tlg002.perseus-grc2,39,39.0_it,Prometeo,Prometeo,<https://opentheso.huma-num.fr/?idc=pcrtDbhnfUpMWA&idt=th310>,pcrtDbhnfUpMWA,http://it.dbpedia.org/resource/Prometeo,10,12,it,0.9986855515108446,"Wikidata:Q95074,Wikidata:Q24229398,DUL:Agent,DBpedia:Agent,DBpedia:FictionalCharacter"
WorksandDays(Greek).Machinereadabletext,None_urn:cts:greekLit:tlg0020.tlg002.perseus-grc2,39,39.0_en,Prometheus,Prometheus,<https://opentheso.huma-num.fr/?idc=pcrtDbhnfUpMWA&idt=th310>,pcrtDbhnfUpMWA,http://dbpedia.org/resource/Prometheus,11,13,en,0.9999999997893951,"Wikidata:Q24229398,Wikidata:Q178885,DUL:Agent,DBpedia:Agent,DBpedia:Deity"
WorksandDays(Greek).Machinereadabletext,None_urn:cts:greekLit:tlg0020.tlg002.perseus-grc2,40,40.0_en,Lygra,Lygra,, ,http://dbpedia.org/resource/Lygra,43,45,en,0.9999999392413362,"Wikidata:Q23442,Schema:Place,DBpedia:PopulatedPlace,DBpedia:Place,DBpedia:Location,DBpedia:Island"
WorksandDays(Greek).Machinereadabletext,None_urn:cts:greekLit:tlg0020.tlg002.perseus-grc2,41,41.0_it,Dio,Dio,, ,http://it.dbpedia.org/resource/Dio,34,36,it,0.9980650287795156,
WorksandDays(Greek).Machinereadabletext,None_urn:cts:greekLit:tlg0020.tlg002.perseus-grc2,41,41.0_en,God,God,, ,http://dbpedia.org/resource/God,34,36,en,0.9099280557669139,
WorksandDays(Greek).Machinereadabletext,None_urn:cts:greekLit:tlg0020.tlg002.perseus-grc2,43,43.0_it,Zeus,Zeus,<https://opentheso.huma-num.fr/?idc=pcrtSgaLklRNDT&idt=th310>,pcrtSgaLklRNDT,http://it.dbpedia.org/resource/Zeus,35,37,it,0.9999851662203423,
WorksandDays(Greek).Machinereadabletext,None_urn:cts:greekLit:tlg0020.tlg002.perseus-grc2,43,43.0_en,Zeus,Zeus,<https://opentheso.huma-num.fr/?idc=pcrtSgaLklRNDT&idt=th310>,pcrtSgaLklRNDT,http://dbpedia.org/resource/Zeus,57,59,en,0.998749696502755,"Wikidata:Q24229398,Wikidata:Q178885,DUL:Agent,DBpedia:Agent,DBpedia:Deity"
WorksandDays(Greek).Machinereadabletext,None_urn:cts:greekLit:tlg0020.tlg002.perseus-grc2,44,44.0_it,Medea,Medea,<https://opentheso.huma-num.fr/?idc=pcrtdFxBZmK6cr&idt=th310>,pcrtdFxBZmK6cr,http://it.dbpedia.org/resource/Medea,37,39,it,0.999860540805426,
WorksandDays(Greek).Machinereadabletext,None_urn:cts:greekLit:tlg0020.tlg002.perseus-grc2,44,44.0_en,Medea,Medea,<https://opentheso.huma-num.fr/?idc=pcrtdFxBZmK6cr&idt=th310>,pcrtdFxBZmK6cr,http://dbpedia.org/resource/Medea,32,34,en,0.9999998436592799,"Wikidata:Q24229398,Wikidata:Q178885,DUL:Agent,DBpedia:Agent,DBpedia:Deity"
WorksandDays(Greek).Machinereadabletext,None_urn:cts:greekLit:tlg0020.tlg002.perseus-grc2,51,51.0_it,Atene,Atene,, ,http://it.dbpedia.org/resource/Atene,57,59,it,0.9995469117222573,"Schema:Place,DBpedia:Place,DBpedia:Location,DBpedia:PopulatedPlace"
WorksandDays(Greek).Machinereadabletext,None_urn:cts:greekLit:tlg0020.tlg002.perseus-grc2,51,51.2_en,Athens,Athens,<https://opentheso.huma-num.fr/?idc=108411&idt=th310>,108411,http://dbpedia.org/resource/Athens,50,52,en,0.9971362490177372,"Wikidata:Q515,Wikidata:Q486972,Schema:Place,Schema:City,DBpedia:Settlement,DBpedia:PopulatedPlace,DBpedia:Place,DBpedia:Location,DBpedia:City"
WorksandDays(Greek).Machinereadabletext,None_urn:cts:greekLit:tlg0020.tlg002.perseus-grc2,52,52.0_it,Afrodite,Afrodite,<https://opentheso.huma-num.fr/?idc=pcrto1JDYSQe8s&idt=th310>,pcrto1JDYSQe8s,http://it.dbpedia.org/resource/Afrodite,45,47,it,0.9999999068821567,"Wikidata:Q95074,Wikidata:Q24229398,DUL:Agent,DBpedia:Agent,DBpedia:FictionalCharacter"
WorksandDays(Greek).Machinereadabletext,None_urn:cts:greekLit:tlg0020.tlg002.perseus-grc2,52,52.0_en,Aphrodite,Aphrodite,<https://opentheso.huma-num.fr/?idc=pcrto1JDYSQe8s&idt=th310>,pcrto1JDYSQe8s,http://dbpedia.org/resource/Aphrodite,48,50,en,0.9999799678596618,"Wikidata:Q24229398,Wikidata:Q178885,DUL:Agent,DBpedia:Agent,DBpedia:Deity"
WorksandDays(Greek).Machinereadabletext,None_urn:cts:greekLit:tlg0020.tlg002.perseus-grc2,53,53.0_it,caprifoglio,caprifoglio,, ,http://it.dbpedia.org/resource/Lonicera,44,46,it,0.9747813253529114,DBpedia:Species
WorksandDays(Greek).Machinereadabletext,None_urn:cts:greekLit:tlg0020.tlg002.perseus-grc2,53,53.0_en,honeysuckle,honeysuckle,, ,http://dbpedia.org/resource/Honeysuckle,40,42,en,0.9972631155900143,
WorksandDays(Greek).Machinereadabletext,None_urn:cts:greekLit:tlg0020.tlg002.perseus-grc2,54,54.0_it,ethos,ethos,, ,http://it.dbpedia.org/resource/Ethos,49,51,it,0.9945845617060689,
WorksandDays(Greek).Machinereadabletext,None_urn:cts:greekLit:tlg0020.tlg002.perseus-grc2,56,56.0_en,Atika,Atika,, ,http://dbpedia.org/resource/Atikah_bint_Yazid,6,7,en,0.9999984333852204,"Http://xmlns.com/foaf/0.1/Person,Wikidata:Q729,Wikidata:Q5,Wikidata:Q215627,Wikidata:Q19088,DUL:NaturalPerson,Schema:Person,DBpedia:Species,DBpedia:Person,DBpedia:Eukaryote,DBpedia:Animal,DBpedia:Royalty"
WorksandDays(Greek).Machinereadabletext,None_urn:cts:greekLit:tlg0020.tlg002.perseus-grc2,58,58.0_it,Glaucopide,Glaucopide,, ,http://it.dbpedia.org/resource/Glaucopide,28,30,it,0.9999999963291231,
WorksandDays(Greek).Machinereadabletext,None_urn:cts:greekLit:tlg0020.tlg002.perseus-grc2,58,58.1_it,Atena,Atena,<https://opentheso.huma-num.fr/?idc=pcrt6GNEPkImi8&idt=th310>,pcrt6GNEPkImi8,http://it.dbpedia.org/resource/Atena,39,41,it,0.9998570352929146,"Wikidata:Q95074,Wikidata:Q24229398,DUL:Agent,DBpedia:Agent,DBpedia:FictionalCharacter"
WorksandDays(Greek).Machinereadabletext,None_urn:cts:greekLit:tlg0020.tlg002.perseus-grc2,58,58.0_en,Athena,Athena,<https://opentheso.huma-num.fr/?idc=pcrt6GNEPkImi8&idt=th310>,pcrt6GNEPkImi8,http://dbpedia.org/resource/Athena,40,42,en,0.9999788268834267,"Wikidata:Q24229398,Wikidata:Q178885,DUL:Agent,DBpedia:Agent,DBpedia:Deity"
WorksandDays(Greek).Machinereadabletext,None_urn:cts:greekLit:tlg0020.tlg002.perseus-grc2,61,61.0_it,Pallade,Pallade,, ,http://it.dbpedia.org/resource/Atena,6,7,it,0.6581819514170105,"Wikidata:Q95074,Wikidata:Q24229398,DUL:Agent,DBpedia:Agent,DBpedia:FictionalCharacter"
WorksandDays(Greek).Machinereadabletext,None_urn:cts:greekLit:tlg0020.tlg002.perseus-grc2,64,64.0_it,Dio,Dio,, ,http://it.dbpedia.org/resource/Dio,25,27,it,0.9982926259732015,
WorksandDays(Greek).Machinereadabletext,None_urn:cts:greekLit:tlg0020.tlg002.perseus-grc2,64,64.0_en,God,God,, ,http://dbpedia.org/resource/God,21,23,en,0.8547056750221258,
WorksandDays(Greek).Machinereadabletext,None_urn:cts:greekLit:tlg0020.tlg002.perseus-grc2,65,65.0_it,Olympia,Olympia,, ,http://it.dbpedia.org/resource/Opel_Olympia,44,46,it,0.9966710303722244,
WorksandDays(Greek).Machinereadabletext,None_urn:cts:greekLit:tlg0020.tlg002.perseus-grc2,65,65.2_en,Olympia,Olympia,, ,http://dbpedia.org/resource/Olympia_London,40,42,en,0.9547930833181435,"Wikidata:Q41176,DBpedia:Building,DBpedia:ArchitecturalStructure,DBpedia:Venue"
WorksandDays(Greek).Machinereadabletext,None_urn:cts:greekLit:tlg0020.tlg002.perseus-grc2,68,68.0_it,Clito,Clito,, ,http://it.dbpedia.org/resource/Clito_il_Nero,12,14,it,0.9991300971442916,"Http://xmlns.com/foaf/0.1/Person,Wikidata:Q729,Wikidata:Q5,Wikidata:Q215627,Wikidata:Q19088,DUL:NaturalPerson,Schema:Person,DBpedia:Species,DBpedia:Person,DBpedia:Eukaryote,DBpedia:Animal,DBpedia:MilitaryPerson"
WorksandDays(Greek).Machinereadabletext,None_urn:cts:greekLit:tlg0020.tlg002.perseus-grc2,68,68.0_en,Clytus,Clytus,, ,http://dbpedia.org/resource/Clytus,13,15,en,1.0,
WorksandDays(Greek).Machinereadabletext,None_urn:cts:greekLit:tlg0020.tlg002.perseus-grc2,68,68.0_it,Dio,Dio,, ,http://it.dbpedia.org/resource/Dio,45,47,it,0.9998245071367665,
WorksandDays(Greek).Machinereadabletext,None_urn:cts:greekLit:tlg0020.tlg002.perseus-grc2,68,68.1_it,Epimeteo,Epimeteo,<https://opentheso.huma-num.fr/?idc=pcrtT0E6aoJ7pS&idt=th310>,pcrtT0E6aoJ7pS,http://it.dbpedia.org/resource/Epimeteo_(mitologia),54,56,it,0.8548335569516121,"Wikidata:Q95074,Wikidata:Q24229398,DUL:Agent,DBpedia:Agent,DBpedia:FictionalCharacter"
WorksandDays(Greek).Machinereadabletext,None_urn:cts:greekLit:tlg0020.tlg002.perseus-grc2,68,68.0_en,Epimetheus,Epimetheus,<https://opentheso.huma-num.fr/?idc=pcrtT0E6aoJ7pS&idt=th310>,pcrtT0E6aoJ7pS,http://dbpedia.org/resource/Epimetheus,41,43,en,0.9999999788571474,
WorksandDays(Greek).Machinereadabletext,None_urn:cts:greekLit:tlg0020.tlg002.perseus-grc2,69,69.0_it,Prometeo,Prometeo,<https://opentheso.huma-num.fr/?idc=pcrtDbhnfUpMWA&idt=th310>,pcrtDbhnfUpMWA,http://it.dbpedia.org/resource/Prometeo,24,26,it,0.99964673323971,"Wikidata:Q95074,Wikidata:Q24229398,DUL:Agent,DBpedia:Agent,DBpedia:FictionalCharacter"
WorksandDays(Greek).Machinereadabletext,None_urn:cts:greekLit:tlg0020.tlg002.perseus-grc2,69,69.0_en,Prometheus,Prometheus,<https://opentheso.huma-num.fr/?idc=pcrtDbhnfUpMWA&idt=th310>,pcrtDbhnfUpMWA,http://dbpedia.org/resource/Prometheus,26,28,en,0.9999814193028169,"Wikidata:Q24229398,Wikidata:Q178885,DUL:Agent,DBpedia:Agent,DBpedia:Deity"
WorksandDays(Greek).Machinereadabletext,None_urn:cts:greekLit:tlg0020.tlg002.perseus-grc2,70,70.0_it,Olimpia,Olimpia,, ,http://it.dbpedia.org/resource/Olimpia,32,34,it,0.8668633212130984,
WorksandDays(Greek).Machinereadabletext,None_urn:cts:greekLit:tlg0020.tlg002.perseus-grc2,70,70.0_en,Olympia,Olympia,, ,http://dbpedia.org/resource/Olympia_London,34,36,en,0.9588871835511308,"Wikidata:Q41176,DBpedia:Building,DBpedia:ArchitecturalStructure,DBpedia:Venue"
WorksandDays(Greek).Machinereadabletext,None_urn:cts:greekLit:tlg0020.tlg002.perseus-grc2,71,71.0_it,stia,stia,, ,http://it.dbpedia.org/resource/Stia,50,52,it,0.99971123910716,"Schema:Place,DBpedia:Place,DBpedia:Location,DBpedia:PopulatedPlace"
WorksandDays(Greek).Machinereadabletext,None_urn:cts:greekLit:tlg0020.tlg002.perseus-grc2,76,76.0_en,Lygra,Lygra,, ,http://dbpedia.org/resource/Lygra,34,36,en,0.7450559528062243,"Wikidata:Q23442,Schema:Place,DBpedia:PopulatedPlace,DBpedia:Place,DBpedia:Location,DBpedia:Island"
WorksandDays(Greek).Machinereadabletext,None_urn:cts:greekLit:tlg0020.tlg002.perseus-grc2,77,77.1_en,Elpis,Elpis,, ,http://dbpedia.org/resource/Storm_Elpis,21,23,en,0.9996033949673085,
WorksandDays(Greek).Machinereadabletext,None_urn:cts:greekLit:tlg0020.tlg002.perseus-grc2,79,79.0_it,pythium,pythium,, ,http://it.dbpedia.org/resource/Pythium,66,68,it,0.999999836700268,DBpedia:Species
WorksandDays(Greek).Machinereadabletext,None_urn:cts:greekLit:tlg0020.tlg002.perseus-grc2,79,79.0_en,pythium,pythium,, ,http://dbpedia.org/resource/Pythium,57,59,en,0.9999998616873949,
WorksandDays(Greek).Machinereadabletext,None_urn:cts:greekLit:tlg0020.tlg002.perseus-grc2,84,84.0_it,Zeus,Zeus,<https://opentheso.huma-num.fr/?idc=pcrtSgaLklRNDT&idt=th310>,pcrtSgaLklRNDT,http://it.dbpedia.org/resource/Zeus,35,37,it,0.9999287969421552,
WorksandDays(Greek).Machinereadabletext,None_urn:cts:greekLit:tlg0020.tlg002.perseus-grc2,84,84.0_en,Zeus,Zeus,<https://opentheso.huma-num.fr/?idc=pcrtSgaLklRNDT&idt=th310>,pcrtSgaLklRNDT,http://dbpedia.org/resource/Zeus,42,44,en,0.9999678946975633,"Wikidata:Q24229398,Wikidata:Q178885,DUL:Agent,DBpedia:Agent,DBpedia:Deity"
WorksandDays(Greek).Machinereadabletext,None_urn:cts:greekLit:tlg0020.tlg002.perseus-grc2,84,84.1_it,Dio,Dio,, ,http://it.dbpedia.org/resource/Dio,35,37,it,0.9983282618693337,
WorksandDays(Greek).Machinereadabletext,None_urn:cts:greekLit:tlg0020.tlg002.perseus-grc2,84,84.0_en,God,God,, ,http://dbpedia.org/resource/God,25,27,en,0.8077833304666239,
WorksandDays(Greek).Machinereadabletext,None_urn:cts:greekLit:tlg0020.tlg002.perseus-grc2,88,88.0_it,Olimpia,Olimpia,, ,http://it.dbpedia.org/resource/Olimpia,38,40,it,0.8904637738573106,
WorksandDays(Greek).Machinereadabletext,None_urn:cts:greekLit:tlg0020.tlg002.perseus-grc2,88,88.0_en,Olympias,Olympias,, ,http://dbpedia.org/resource/Olympias,22,24,en,0.9915767988789503,"Http://xmlns.com/foaf/0.1/Person,Wikidata:Q729,Wikidata:Q5,Wikidata:Q215627,Wikidata:Q19088,DUL:NaturalPerson,Schema:Person,DBpedia:Species,DBpedia:Person,DBpedia:Eukaryote,DBpedia:Animal,DBpedia:Royalty"
WorksandDays(Greek).Machinereadabletext,None_urn:cts:greekLit:tlg0020.tlg002.perseus-grc2,89,89.0_en,Saturn,Saturn,<https://opentheso.huma-num.fr/?idc=pcrt3ifEZTTSF2&idt=th310>,pcrt3ifEZTTSF2,http://dbpedia.org/resource/Saturn,24,26,en,0.9776565377603569,"Wikidata:Q634,Schema:Place,DBpedia:Place,DBpedia:Location,DBpedia:CelestialBody,DBpedia:Planet"
WorksandDays(Greek).Machinereadabletext,None_urn:cts:greekLit:tlg0020.tlg002.perseus-grc2,102,102.0_en,genus,genus,, ,http://dbpedia.org/resource/Genus,18,20,en,0.9999948735405961,
WorksandDays(Greek).Machinereadabletext,None_urn:cts:greekLit:tlg0020.tlg002.perseus-grc2,103,103.0_it,Olimpia,Olimpia,, ,http://it.dbpedia.org/resource/Olimpia,23,25,it,0.9425554833885763,
WorksandDays(Greek).Machinereadabletext,None_urn:cts:greekLit:tlg0020.tlg002.perseus-grc2,103,103.0_en,Olympias,Olympias,, ,http://dbpedia.org/resource/Olympias,19,21,en,0.9875584604517906,"Http://xmlns.com/foaf/0.1/Person,Wikidata:Q729,Wikidata:Q5,Wikidata:Q215627,Wikidata:Q19088,DUL:NaturalPerson,Schema:Person,DBpedia:Species,DBpedia:Person,DBpedia:Eukaryote,DBpedia:Animal,DBpedia:Royalty"
WorksandDays(Greek).Machinereadabletext,None_urn:cts:greekLit:tlg0020.tlg002.perseus-grc2,104,104.0_it,tua,tua,, ,http://it.dbpedia.org/resource/Ferrovia_del_Tua,35,37,it,0.9963095396968906,
WorksandDays(Greek).Machinereadabletext,None_urn:cts:greekLit:tlg0020.tlg002.perseus-grc2,111,111.0_it,Zeus,Zeus,<https://opentheso.huma-num.fr/?idc=pcrtSgaLklRNDT&idt=th310>,pcrtSgaLklRNDT,http://it.dbpedia.org/resource/Zeus,6,7,it,0.9999484220786395,
WorksandDays(Greek).Machinereadabletext,None_urn:cts:greekLit:tlg0020.tlg002.perseus-grc2,111,111.0_en,Zeus,Zeus,<https://opentheso.huma-num.fr/?idc=pcrtSgaLklRNDT&idt=th310>,pcrtSgaLklRNDT,http://dbpedia.org/resource/Zeus,6,7,en,0.9965212927493174,"Wikidata:Q24229398,Wikidata:Q178885,DUL:Agent,DBpedia:Agent,DBpedia:Deity"
WorksandDays(Greek).Machinereadabletext,None_urn:cts:greekLit:tlg0020.tlg002.perseus-grc2,116,116.0_it,miele,miele,<https://opentheso.huma-num.fr/?idc=pcrtsPauzzRS5z&idt=th310>,pcrtsPauzzRS5z,http://it.dbpedia.org/resource/Miele,9,10,it,0.9999987275100035,
WorksandDays(Greek).Machinereadabletext,None_urn:cts:greekLit:tlg0020.tlg002.perseus-grc2,116,116.0_en,honey,honey,<https://opentheso.huma-num.fr/?idc=pcrtsPauzzRS5z&idt=th310>,pcrtsPauzzRS5z,http://dbpedia.org/resource/Honey,11,13,en,0.9992020136578534,
WorksandDays(Greek).Machinereadabletext,None_urn:cts:greekLit:tlg0020.tlg002.perseus-grc2,118,118.0_it,cratere,cratere,<https://opentheso.huma-num.fr/?idc=pcrtMoabnLELjx&idt=th310>,pcrtMoabnLELjx,http://it.dbpedia.org/resource/Cratere_meteoritico,55,57,it,0.9988913392550641,
WorksandDays(Greek).Machinereadabletext,None_urn:cts:greekLit:tlg0020.tlg002.perseus-grc2,120,120.0_it,rame,rame,<https://opentheso.huma-num.fr/?idc=pcrt16pnvNar4g&idt=th310>,pcrt16pnvNar4g,http://it.dbpedia.org/resource/Rame,33,35,it,0.9999963745715725,
WorksandDays(Greek).Machinereadabletext,None_urn:cts:greekLit:tlg0020.tlg002.perseus-grc2,120,120.1_it,rame,rame,<https://opentheso.huma-num.fr/?idc=pcrt16pnvNar4g&idt=th310>,pcrt16pnvNar4g,http://it.dbpedia.org/resource/Rame,57,59,it,0.9999963745715725,
WorksandDays(Greek).Machinereadabletext,None_urn:cts:greekLit:tlg0020.tlg002.perseus-grc2,121,121.0_it,rame,rame,<https://opentheso.huma-num.fr/?idc=pcrt16pnvNar4g&idt=th310>,pcrt16pnvNar4g,http://it.dbpedia.org/resource/Rame,9,10,it,0.999890302414531,
WorksandDays(Greek).Machinereadabletext,None_urn:cts:greekLit:tlg0020.tlg002.perseus-grc2,121,121.1_it,ferro,ferro,<https://opentheso.huma-num.fr/?idc=pcrtJWWucnutA0&idt=th310>,pcrtJWWucnutA0,http://it.dbpedia.org/resource/Ferro,31,33,it,0.9998624649147144,
WorksandDays(Greek).Machinereadabletext,None_urn:cts:greekLit:tlg0020.tlg002.perseus-grc2,121,121.0_en,iron,iron,<https://opentheso.huma-num.fr/?idc=pcrtJWWucnutA0&idt=th310>,pcrtJWWucnutA0,http://dbpedia.org/resource/Iron,28,30,en,0.9965085400828356,
WorksandDays(Greek).Machinereadabletext,None_urn:cts:greekLit:tlg0020.tlg002.perseus-grc2,127,127.0_it,Zeus,Zeus,<https://opentheso.huma-num.fr/?idc=pcrtSgaLklRNDT&idt=th310>,pcrtSgaLklRNDT,http://it.dbpedia.org/resource/Zeus,6,7,it,0.9998373226805208,
WorksandDays(Greek).Machinereadabletext,None_urn:cts:greekLit:tlg0020.tlg002.perseus-grc2,127,127.0_en,Zeus,Zeus,<https://opentheso.huma-num.fr/?idc=pcrtSgaLklRNDT&idt=th310>,pcrtSgaLklRNDT,http://dbpedia.org/resource/Zeus,6,7,en,0.9999998140214958,"Wikidata:Q24229398,Wikidata:Q178885,DUL:Agent,DBpedia:Agent,DBpedia:Deity"
WorksandDays(Greek).Machinereadabletext,None_urn:cts:greekLit:tlg0020.tlg002.perseus-grc2,128,128.0_it,Dio,Dio,, ,http://it.dbpedia.org/resource/Dio,39,41,it,0.9980740381985144,
WorksandDays(Greek).Machinereadabletext,None_urn:cts:greekLit:tlg0020.tlg002.perseus-grc2,128,128.0_en,God,God,, ,http://dbpedia.org/resource/God,6,7,en,0.7830229506173362,
WorksandDays(Greek).Machinereadabletext,None_urn:cts:greekLit:tlg0020.tlg002.perseus-grc2,130,130.0_en,Thebes,Thebes,<https://opentheso.huma-num.fr/?idc=107870&idt=th310>,107870,http://dbpedia.org/resource/Theban_hegemony,23,25,en,0.9998837296112196,
WorksandDays(Greek).Machinereadabletext,None_urn:cts:greekLit:tlg0020.tlg002.perseus-grc2,130,130.1_en,Gaia,Gaia,<https://opentheso.huma-num.fr/?idc=pcrtSSKvohY3hl&idt=th310>,pcrtSSKvohY3hl,http://dbpedia.org/resource/Gaia,40,42,en,0.9997143225082386,"Wikidata:Q24229398,Wikidata:Q178885,DUL:Agent,DBpedia:Agent,DBpedia:Deity"
WorksandDays(Greek).Machinereadabletext,None_urn:cts:greekLit:tlg0020.tlg002.perseus-grc2,131,131.0_en,Oedipus,Oedipus,<https://opentheso.huma-num.fr/?idc=pcrthX6AbS1ezc&idt=th310>,pcrthX6AbS1ezc,http://dbpedia.org/resource/Oedipus,11,13,en,0.9930389516926291,
WorksandDays(Greek).Machinereadabletext,None_urn:cts:greekLit:tlg0020.tlg002.perseus-grc2,135,135.0_it,Zeus,Zeus,<https://opentheso.huma-num.fr/?idc=pcrtSgaLklRNDT&idt=th310>,pcrtSgaLklRNDT,http://it.dbpedia.org/resource/Zeus,6,7,it,0.9998832754956716,
WorksandDays(Greek).Machinereadabletext,None_urn:cts:greekLit:tlg0020.tlg002.perseus-grc2,135,135.0_en,Zeus,Zeus,<https://opentheso.huma-num.fr/?idc=pcrtSgaLklRNDT&idt=th310>,pcrtSgaLklRNDT,http://dbpedia.org/resource/Zeus,6,7,en,0.9999999682638793,"Wikidata:Q24229398,Wikidata:Q178885,DUL:Agent,DBpedia:Agent,DBpedia:Deity"
WorksandDays(Greek).Machinereadabletext,None_urn:cts:greekLit:tlg0020.tlg002.perseus-grc2,137,137.0_en,arura,arura,, ,http://dbpedia.org/resource/Arura,43,45,en,0.9999999999999858,
WorksandDays(Greek).Machinereadabletext,None_urn:cts:greekLit:tlg0020.tlg002.perseus-grc2,137,137.0_en,Saturn,Saturn,<https://opentheso.huma-num.fr/?idc=pcrt3ifEZTTSF2&idt=th310>,pcrt3ifEZTTSF2,http://dbpedia.org/resource/Saturn,38,40,en,0.9432884477027353,"Wikidata:Q634,Schema:Place,DBpedia:Place,DBpedia:Location,DBpedia:CelestialBody,DBpedia:Planet"
WorksandDays(Greek).Machinereadabletext,None_urn:cts:greekLit:tlg0020.tlg002.perseus-grc2,137,137.0_it,Zeus,Zeus,<https://opentheso.huma-num.fr/?idc=pcrtSgaLklRNDT&idt=th310>,pcrtSgaLklRNDT,http://it.dbpedia.org/resource/Zeus,24,26,it,0.999914950265706,
WorksandDays(Greek).Machinereadabletext,None_urn:cts:greekLit:tlg0020.tlg002.perseus-grc2,137,137.0_en,Zeus,Zeus,<https://opentheso.huma-num.fr/?idc=pcrtSgaLklRNDT&idt=th310>,pcrtSgaLklRNDT,http://dbpedia.org/resource/Zeus,24,26,en,0.9998215481044415,"Wikidata:Q24229398,Wikidata:Q178885,DUL:Agent,DBpedia:Agent,DBpedia:Deity"
WorksandDays(Greek).Machinereadabletext,None_urn:cts:greekLit:tlg0020.tlg002.perseus-grc2,138,138.0_it,ferro,ferro,<https://opentheso.huma-num.fr/?idc=pcrtJWWucnutA0&idt=th310>,pcrtJWWucnutA0,http://it.dbpedia.org/resource/Ferro,37,39,it,0.9997791227880798,
WorksandDays(Greek).Machinereadabletext,None_urn:cts:greekLit:tlg0020.tlg002.perseus-grc2,138,138.0_en,iron,iron,<https://opentheso.huma-num.fr/?idc=pcrtJWWucnutA0&idt=th310>,pcrtJWWucnutA0,http://dbpedia.org/resource/Iron,35,37,en,0.9946360219006375,
WorksandDays(Greek).Machinereadabletext,None_urn:cts:greekLit:tlg0020.tlg002.perseus-grc2,141,141.0_it,Zeus,Zeus,<https://opentheso.huma-num.fr/?idc=pcrtSgaLklRNDT&idt=th310>,pcrtSgaLklRNDT,http://it.dbpedia.org/resource/Zeus,6,7,it,0.999871354446668,
WorksandDays(Greek).Machinereadabletext,None_urn:cts:greekLit:tlg0020.tlg002.perseus-grc2,141,141.0_en,Zeus,Zeus,<https://opentheso.huma-num.fr/?idc=pcrtSgaLklRNDT&idt=th310>,pcrtSgaLklRNDT,http://dbpedia.org/resource/Zeus,6,7,en,0.9999131826813915,"Wikidata:Q24229398,Wikidata:Q178885,DUL:Agent,DBpedia:Agent,DBpedia:Deity"
WorksandDays(Greek).Machinereadabletext,None_urn:cts:greekLit:tlg0020.tlg002.perseus-grc2,146,146.0_it,Aleppo,Aleppo,, ,http://it.dbpedia.org/resource/Aleppo,42,44,it,0.995152638986359,"Schema:Place,DBpedia:Place,DBpedia:Location,DBpedia:PopulatedPlace"
WorksandDays(Greek).Machinereadabletext,None_urn:cts:greekLit:tlg0020.tlg002.perseus-grc2,146,146.0_en,Aleppo,Aleppo,, ,http://dbpedia.org/resource/Aleppo,42,44,en,0.9993366248311657,"Wikidata:Q515,Wikidata:Q486972,Schema:Place,Schema:City,DBpedia:Settlement,DBpedia:PopulatedPlace,DBpedia:Place,DBpedia:Location,DBpedia:City"
WorksandDays(Greek).Machinereadabletext,None_urn:cts:greekLit:tlg0020.tlg002.perseus-grc2,147,147.0_en,ode,ode,, ,http://dbpedia.org/resource/Ode,39,41,en,0.9962830627874132,
WorksandDays(Greek).Machinereadabletext,None_urn:cts:greekLit:tlg0020.tlg002.perseus-grc2,149,149.0_en,city,city,, ,http://dbpedia.org/resource/City,50,52,en,0.7362095893158824,
WorksandDays(Greek).Machinereadabletext,None_urn:cts:greekLit:tlg0020.tlg002.perseus-grc2,153,153.0_it,favole,favole,, ,http://it.dbpedia.org/resource/Favola,6,7,it,0.9970284976292982,
WorksandDays(Greek).Machinereadabletext,None_urn:cts:greekLit:tlg0020.tlg002.perseus-grc2,154,154.0_it,peccato,peccato,, ,http://it.dbpedia.org/resource/Peccato,6,7,it,0.9992055581963442,
WorksandDays(Greek).Machinereadabletext,None_urn:cts:greekLit:tlg0020.tlg002.perseus-grc2,155,155.0_it,Olimpo,Olimpo,, ,http://it.dbpedia.org/resource/Olimpo,24,26,it,0.9816843428399291,"Wikidata:Q8502,Schema:Place,Schema:Mountain,DBpedia:Place,DBpedia:NaturalPlace,DBpedia:Location,DBpedia:Mountain"
WorksandDays(Greek).Machinereadabletext,None_urn:cts:greekLit:tlg0020.tlg002.perseus-grc2,155,155.1_it,banda larga,banda_larga,, ,http://it.dbpedia.org/resource/Banda_larga,48,50,it,0.9999999996676792,
WorksandDays(Greek).Machinereadabletext,None_urn:cts:greekLit:tlg0020.tlg002.perseus-grc2,155,155.0_en,broadband,broadband,, ,http://dbpedia.org/resource/Broadband,44,46,en,0.9844116284493967,
WorksandDays(Greek).Machinereadabletext,None_urn:cts:greekLit:tlg0020.tlg002.perseus-grc2,157,157.2_en,Nemesis,Nemesis,<https://opentheso.huma-num.fr/?idc=pcrtGYtuX6F7A0&idt=th310>,pcrtGYtuX6F7A0,http://dbpedia.org/resource/Nemesis,16,18,en,0.9454277376178838,"Wikidata:Q24229398,Wikidata:Q178885,DUL:Agent,DBpedia:Agent,DBpedia:Deity"
WorksandDays(Greek).Machinereadabletext,None_urn:cts:greekLit:tlg0020.tlg002.perseus-grc2,157,157.3_en,Algea,Algea,, ,http://dbpedia.org/resource/Algos,29,31,en,0.9999999999918572,"Wikidata:Q24229398,Wikidata:Q178885,DUL:Agent,DBpedia:Agent,DBpedia:Deity"
WorksandDays(Greek).Machinereadabletext,None_urn:cts:greekLit:tlg0020.tlg002.perseus-grc2,157,157.4_en,Lygra,Lygra,, ,http://dbpedia.org/resource/Lygra,35,37,en,0.7450559528062243,"Wikidata:Q23442,Schema:Place,DBpedia:PopulatedPlace,DBpedia:Place,DBpedia:Location,DBpedia:Island"
WorksandDays(Greek).Machinereadabletext,None_urn:cts:greekLit:tlg0020.tlg002.perseus-grc2,158,158.0_it,alce,alce,<https://opentheso.huma-num.fr/?idc=pcrtlSEevAHx0F&idt=th310>,pcrtlSEevAHx0F,http://it.dbpedia.org/resource/Alces_alces,55,57,it,0.9999988032017825,DBpedia:Species
WorksandDays(Greek).Machinereadabletext,None_urn:cts:greekLit:tlg0020.tlg002.perseus-grc2,163,163.0_it,ariani,ariani,<https://opentheso.huma-num.fr/?idc=pcrtlhd2RDccsa&idt=th310>,pcrtlhd2RDccsa,http://it.dbpedia.org/resource/Arianesimo,61,63,it,0.7207472702990333,
WorksandDays(Greek).Machinereadabletext,None_urn:cts:greekLit:tlg0020.tlg002.perseus-grc2,163,163.0_en,demon,demon,, ,http://dbpedia.org/resource/Demon,7,8,en,0.9992927047319589,
WorksandDays(Greek).Machinereadabletext,None_urn:cts:greekLit:tlg0020.tlg002.perseus-grc2,168,168.0_it,Persia,Persia,<https://opentheso.huma-num.fr/?idc=pcrtiz8ndVfKcX&idt=th310>,pcrtiz8ndVfKcX,http://it.dbpedia.org/resource/Persia,9,10,it,0.9808268262482218,
WorksandDays(Greek).Machinereadabletext,None_urn:cts:greekLit:tlg0020.tlg002.perseus-grc2,168,168.0_en,Persia,Persia,<https://opentheso.huma-num.fr/?idc=pcrtiz8ndVfKcX&idt=th310>,pcrtiz8ndVfKcX,http://dbpedia.org/resource/Achaemenid_Empire,9,10,en,0.9534928930680391,"Wikidata:Q6256,Schema:Place,Schema:Country,DBpedia:PopulatedPlace,DBpedia:Place,DBpedia:Location,DBpedia:Country"
WorksandDays(Greek).Machinereadabletext,None_urn:cts:greekLit:tlg0020.tlg002.perseus-grc2,179,179.0_en,city,city,, ,http://dbpedia.org/resource/City,17,19,en,0.8171585022738189,
WorksandDays(Greek).Machinereadabletext,None_urn:cts:greekLit:tlg0020.tlg002.perseus-grc2,181,181.0_it,Zeus,Zeus,<https://opentheso.huma-num.fr/?idc=pcrtSgaLklRNDT&idt=th310>,pcrtSgaLklRNDT,http://it.dbpedia.org/resource/Zeus,40,42,it,0.9998192709264169,
WorksandDays(Greek).Machinereadabletext,None_urn:cts:greekLit:tlg0020.tlg002.perseus-grc2,181,181.0_en,Zeus,Zeus,<https://opentheso.huma-num.fr/?idc=pcrtSgaLklRNDT&idt=th310>,pcrtSgaLklRNDT,http://dbpedia.org/resource/Zeus,32,34,en,0.9960964902538244,"Wikidata:Q24229398,Wikidata:Q178885,DUL:Agent,DBpedia:Agent,DBpedia:Deity"
WorksandDays(Greek).Machinereadabletext,None_urn:cts:greekLit:tlg0020.tlg002.perseus-grc2,183,183.0_it,tanta,tanta,, ,http://it.dbpedia.org/resource/Tanta,26,28,it,0.9991971158093036,"Schema:Place,DBpedia:Place,DBpedia:Location,DBpedia:PopulatedPlace"
WorksandDays(Greek).Machinereadabletext,None_urn:cts:greekLit:tlg0020.tlg002.perseus-grc2,187,187.0_it,verga,verga,, ,http://it.dbpedia.org/resource/Giovanni_Verga,25,27,it,0.9955072502671338,"Http://xmlns.com/foaf/0.1/Person,Wikidata:Q82955,Wikidata:Q729,Wikidata:Q5,Wikidata:Q215627,Wikidata:Q19088,DUL:NaturalPerson,Schema:Person,DBpedia:Species,DBpedia:Person,DBpedia:Eukaryote,DBpedia:Animal,DBpedia:Politician"
WorksandDays(Greek).Machinereadabletext,None_urn:cts:greekLit:tlg0020.tlg002.perseus-grc2,189,189.1_it,Zeus,Zeus,<https://opentheso.huma-num.fr/?idc=pcrtSgaLklRNDT&idt=th310>,pcrtSgaLklRNDT,http://it.dbpedia.org/resource/Zeus,33,35,it,0.9999989988757003,
WorksandDays(Greek).Machinereadabletext,None_urn:cts:greekLit:tlg0020.tlg002.perseus-grc2,189,189.2_it,Europa,Europa,, ,http://it.dbpedia.org/resource/Europa,55,57,it,0.999890463932988,
WorksandDays(Greek).Machinereadabletext,None_urn:cts:greekLit:tlg0020.tlg002.perseus-grc2,189,189.0_en,Zeus,Zeus,<https://opentheso.huma-num.fr/?idc=pcrtSgaLklRNDT&idt=th310>,pcrtSgaLklRNDT,http://dbpedia.org/resource/Zeus,34,36,en,0.9949902597860438,"Wikidata:Q24229398,Wikidata:Q178885,DUL:Agent,DBpedia:Agent,DBpedia:Deity"
WorksandDays(Greek).Machinereadabletext,None_urn:cts:greekLit:tlg0020.tlg002.perseus-grc2,189,189.0_en,city,city,, ,http://dbpedia.org/resource/City,33,35,en,0.7834828974512815,
WorksandDays(Greek).Machinereadabletext,None_urn:cts:greekLit:tlg0020.tlg002.perseus-grc2,191,191.1_en,Kronia,Kronia,, ,http://dbpedia.org/resource/Kronia,19,21,en,0.9999999514609369,
WorksandDays(Greek).Machinereadabletext,None_urn:cts:greekLit:tlg0020.tlg002.perseus-grc2,192,192.0_en,famine,famine,, ,http://dbpedia.org/resource/Famine,6,7,en,0.9999760061026026,
WorksandDays(Greek).Machinereadabletext,None_urn:cts:greekLit:tlg0020.tlg002.perseus-grc2,193,193.0_it,Olimpia,Olimpia,, ,http://it.dbpedia.org/resource/Olimpia,29,31,it,0.8474277181659935,
WorksandDays(Greek).Machinereadabletext,None_urn:cts:greekLit:tlg0020.tlg002.perseus-grc2,193,193.0_en,Olympia,Olympia,, ,http://dbpedia.org/resource/Olympia_London,27,29,en,0.968996796266701,"Wikidata:Q41176,DBpedia:Building,DBpedia:ArchitecturalStructure,DBpedia:Venue"
WorksandDays(Greek).Machinereadabletext,None_urn:cts:greekLit:tlg0020.tlg002.perseus-grc2,194,194.0_it,esercito,esercito,, ,http://it.dbpedia.org/resource/Esercito,18,20,it,0.6590925327467465,
WorksandDays(Greek).Machinereadabletext,None_urn:cts:greekLit:tlg0020.tlg002.perseus-grc2,200,200.0_en,Zen,Zen,, ,http://dbpedia.org/resource/Zen,15,17,en,0.9998479072857015,
WorksandDays(Greek).Machinereadabletext,None_urn:cts:greekLit:tlg0020.tlg002.perseus-grc2,202,202.0_it,Dio,Dio,, ,http://it.dbpedia.org/resource/Dio,47,49,it,0.9979295355870513,
WorksandDays(Greek).Machinereadabletext,None_urn:cts:greekLit:tlg0020.tlg002.perseus-grc2,202,202.0_en,God,God,, ,http://dbpedia.org/resource/God,50,52,en,0.848939762077056,
WorksandDays(Greek).Machinereadabletext,None_urn:cts:greekLit:tlg0020.tlg002.perseus-grc2,205,205.0_en,Atika,Atika,, ,http://dbpedia.org/resource/Atikah_bint_Yazid,6,7,en,0.9999984333852204,"Http://xmlns.com/foaf/0.1/Person,Wikidata:Q729,Wikidata:Q5,Wikidata:Q215627,Wikidata:Q19088,DUL:NaturalPerson,Schema:Person,DBpedia:Species,DBpedia:Person,DBpedia:Eukaryote,DBpedia:Animal,DBpedia:Royalty"
WorksandDays(Greek).Machinereadabletext,None_urn:cts:greekLit:tlg0020.tlg002.perseus-grc2,205,205.1_en,patri,patri,, ,http://dbpedia.org/resource/Patriota,20,22,en,0.9999999999922977,"Wikidata:Q7278,Wikidata:Q43229,Wikidata:Q24229398,DUL:SocialPerson,DUL:Agent,Schema:Organization,DBpedia:Organisation,DBpedia:Agent,DBpedia:PoliticalParty"
WorksandDays(Greek).Machinereadabletext,None_urn:cts:greekLit:tlg0020.tlg002.perseus-grc2,206,206.0_en,city,city,, ,http://dbpedia.org/resource/City,10,12,en,0.7432798666233346,
WorksandDays(Greek).Machinereadabletext,None_urn:cts:greekLit:tlg0020.tlg002.perseus-grc2,207,207.0_it,declinazione,declinazione,, ,http://it.dbpedia.org/resource/Declinazione_(astronomia),12,14,it,0.8999685843861275,
WorksandDays(Greek).Machinereadabletext,None_urn:cts:greekLit:tlg0020.tlg002.perseus-grc2,207,207.0_en,declination,declination,, ,http://dbpedia.org/resource/Declination,12,14,en,0.9870260579497111,
WorksandDays(Greek).Machinereadabletext,None_urn:cts:greekLit:tlg0020.tlg002.perseus-grc2,208,208.0_it,avrai,avrai,, ,http://it.dbpedia.org/resource/Avrai_(versione_strumentale),37,39,it,0.964387233705489,
WorksandDays(Greek).Machinereadabletext,None_urn:cts:greekLit:tlg0020.tlg002.perseus-grc2,213,213.0_en,city,city,, ,http://dbpedia.org/resource/City,27,29,en,0.7395750327153204,
WorksandDays(Greek).Machinereadabletext,None_urn:cts:greekLit:tlg0020.tlg002.perseus-grc2,216,216.0_it,metionina,metionina,, ,http://it.dbpedia.org/resource/Metionina,36,38,it,0.9999993514028461,"Wikidata:Q11173,DUL:ChemicalObject,DBpedia:ChemicalSubstance,DBpedia:ChemicalCompound"
WorksandDays(Greek).Machinereadabletext,None_urn:cts:greekLit:tlg0020.tlg002.perseus-grc2,216,216.0_en,methionine,methionine,, ,http://dbpedia.org/resource/Methionine,36,38,en,0.999999999991644,"Wikidata:Q11173,DUL:ChemicalObject,DBpedia:ChemicalSubstance,DBpedia:ChemicalCompound"
WorksandDays(Greek).Machinereadabletext,None_urn:cts:greekLit:tlg0020.tlg002.perseus-grc2,218,218.0_en,human law,human_law,, ,http://dbpedia.org/resource/Man-made_law,19,21,en,0.9999999804651767,
WorksandDays(Greek).Machinereadabletext,None_urn:cts:greekLit:tlg0020.tlg002.perseus-grc2,219,219.0_it,pesci,pesci,, ,http://it.dbpedia.org/resource/Pesce,6,7,it,0.9922871438576009,DBpedia:Species
WorksandDays(Greek).Machinereadabletext,None_urn:cts:greekLit:tlg0020.tlg002.perseus-grc2,222,222.0_it,Zeus,Zeus,<https://opentheso.huma-num.fr/?idc=pcrtSgaLklRNDT&idt=th310>,pcrtSgaLklRNDT,http://it.dbpedia.org/resource/Zeus,47,49,it,0.9996602535113428,
WorksandDays(Greek).Machinereadabletext,None_urn:cts:greekLit:tlg0020.tlg002.perseus-grc2,222,222.0_en,Zeus,Zeus,<https://opentheso.huma-num.fr/?idc=pcrtSgaLklRNDT&idt=th310>,pcrtSgaLklRNDT,http://dbpedia.org/resource/Zeus,47,49,en,0.9946969226002306,"Wikidata:Q24229398,Wikidata:Q178885,DUL:Agent,DBpedia:Agent,DBpedia:Deity"
WorksandDays(Greek).Machinereadabletext,None_urn:cts:greekLit:tlg0020.tlg002.perseus-grc2,226,226.0_it,Persia,Persia,<https://opentheso.huma-num.fr/?idc=pcrtiz8ndVfKcX&idt=th310>,pcrtiz8ndVfKcX,http://it.dbpedia.org/resource/Persia,69,71,it,0.9868859643224674,
WorksandDays(Greek).Machinereadabletext,None_urn:cts:greekLit:tlg0020.tlg002.perseus-grc2,226,226.0_en,Persia,Persia,<https://opentheso.huma-num.fr/?idc=pcrtiz8ndVfKcX&idt=th310>,pcrtiz8ndVfKcX,http://dbpedia.org/resource/Iran,55,57,en,0.933347339020122,"Wikidata:Q6256,Schema:Place,Schema:Country,DBpedia:PopulatedPlace,DBpedia:Place,DBpedia:Location,DBpedia:Country"
WorksandDays(Greek).Machinereadabletext,None_urn:cts:greekLit:tlg0020.tlg002.perseus-grc2,229,229.0_en,sweat,sweat,<https://opentheso.huma-num.fr/?idc=107362&idt=th310>,107362,http://dbpedia.org/resource/Perspiration,27,29,en,0.9947457113692569,"Wikidata:Q12136,DBpedia:Disease"
WorksandDays(Greek).Machinereadabletext,None_urn:cts:greekLit:tlg0020.tlg002.perseus-grc2,237,237.0_it,Persia,Persia,<https://opentheso.huma-num.fr/?idc=pcrtiz8ndVfKcX&idt=th310>,pcrtiz8ndVfKcX,http://it.dbpedia.org/resource/Persia,26,28,it,0.9836868442824622,
WorksandDays(Greek).Machinereadabletext,None_urn:cts:greekLit:tlg0020.tlg002.perseus-grc2,237,237.0_en,Persia,Persia,<https://opentheso.huma-num.fr/?idc=pcrtiz8ndVfKcX&idt=th310>,pcrtiz8ndVfKcX,http://dbpedia.org/resource/Iran,22,24,en,0.9740818060080878,"Wikidata:Q6256,Schema:Place,Schema:Country,DBpedia:PopulatedPlace,DBpedia:Place,DBpedia:Location,DBpedia:Country"
WorksandDays(Greek).Machinereadabletext,None_urn:cts:greekLit:tlg0020.tlg002.perseus-grc2,237,237.1_en,famine,famine,, ,http://dbpedia.org/resource/Famine,59,61,en,0.99790089150232,
WorksandDays(Greek).Machinereadabletext,None_urn:cts:greekLit:tlg0020.tlg002.perseus-grc2,237,237.0_en,Demetrius,Demetrius,, ,http://dbpedia.org/resource/Demetrius_I_of_Macedon,35,37,en,0.684483870266248,"Http://xmlns.com/foaf/0.1/Person,Wikidata:Q729,Wikidata:Q5,Wikidata:Q215627,Wikidata:Q19088,DUL:NaturalPerson,Schema:Person,DBpedia:Species,DBpedia:Person,DBpedia:Eukaryote,DBpedia:Animal,DBpedia:Royalty"
WorksandDays(Greek).Machinereadabletext,None_urn:cts:greekLit:tlg0020.tlg002.perseus-grc2,247,247.0_en,demon,demon,, ,http://dbpedia.org/resource/Demon,6,7,en,0.9985282799497323,
WorksandDays(Greek).Machinereadabletext,None_urn:cts:greekLit:tlg0020.tlg002.perseus-grc2,251,251.0_it,Dio,Dio,, ,http://it.dbpedia.org/resource/Dio,47,49,it,0.9980473867157259,
WorksandDays(Greek).Machinereadabletext,None_urn:cts:greekLit:tlg0020.tlg002.perseus-grc2,262,262.0_it,Zeus,Zeus,<https://opentheso.huma-num.fr/?idc=pcrtSgaLklRNDT&idt=th310>,pcrtSgaLklRNDT,http://it.dbpedia.org/resource/Zeus,22,24,it,0.9997893111905078,
WorksandDays(Greek).Machinereadabletext,None_urn:cts:greekLit:tlg0020.tlg002.perseus-grc2,262,262.0_en,Zeus,Zeus,<https://opentheso.huma-num.fr/?idc=pcrtSgaLklRNDT&idt=th310>,pcrtSgaLklRNDT,http://dbpedia.org/resource/Zeus,24,26,en,0.9998940807050293,"Wikidata:Q24229398,Wikidata:Q178885,DUL:Agent,DBpedia:Agent,DBpedia:Deity"
WorksandDays(Greek).Machinereadabletext,None_urn:cts:greekLit:tlg0020.tlg002.perseus-grc2,281,281.0_en,doi,doi,, ,http://dbpedia.org/resource/Digital_object_identifier,55,57,en,0.9999997852051283,
WorksandDays(Greek).Machinereadabletext,None_urn:cts:greekLit:tlg0020.tlg002.perseus-grc2,284,284.0_it,vento,vento,, ,http://it.dbpedia.org/resource/Vento,36,38,it,0.9976174525022112,
WorksandDays(Greek).Machinereadabletext,None_urn:cts:greekLit:tlg0020.tlg002.perseus-grc2,284,284.0_en,boxwood,boxwood,, ,http://dbpedia.org/resource/Buxus,36,38,en,0.9858127302492111,
WorksandDays(Greek).Machinereadabletext,None_urn:cts:greekLit:tlg0020.tlg002.perseus-grc2,296,296.0_it,Zeus,Zeus,<https://opentheso.huma-num.fr/?idc=pcrtSgaLklRNDT&idt=th310>,pcrtSgaLklRNDT,http://it.dbpedia.org/resource/Zeus,35,37,it,0.9997560995983351,
WorksandDays(Greek).Machinereadabletext,None_urn:cts:greekLit:tlg0020.tlg002.perseus-grc2,296,296.0_en,Zeus,Zeus,<https://opentheso.huma-num.fr/?idc=pcrtSgaLklRNDT&idt=th310>,pcrtSgaLklRNDT,http://dbpedia.org/resource/Zeus,35,37,en,0.9919467153204791,"Wikidata:Q24229398,Wikidata:Q178885,DUL:Agent,DBpedia:Agent,DBpedia:Deity"
WorksandDays(Greek).Machinereadabletext,None_urn:cts:greekLit:tlg0020.tlg002.perseus-grc2,299,299.0_en,multitudes,multitudes,, ,http://dbpedia.org/resource/Multitudes,6,7,en,0.9999922410050485,
WorksandDays(Greek).Machinereadabletext,None_urn:cts:greekLit:tlg0020.tlg002.perseus-grc2,302,302.0_it,ferro,ferro,<https://opentheso.huma-num.fr/?idc=pcrtJWWucnutA0&idt=th310>,pcrtJWWucnutA0,http://it.dbpedia.org/resource/Ferro,29,31,it,0.9998057365314311,
WorksandDays(Greek).Machinereadabletext,None_urn:cts:greekLit:tlg0020.tlg002.perseus-grc2,302,302.0_en,iron,iron,<https://opentheso.huma-num.fr/?idc=pcrtJWWucnutA0&idt=th310>,pcrtJWWucnutA0,http://dbpedia.org/resource/Iron,23,25,en,0.9941355010269944,
WorksandDays(Greek).Machinereadabletext,None_urn:cts:greekLit:tlg0020.tlg002.perseus-grc2,304,304.0_it,virgola mobile,virgola_mobile,, ,http://it.dbpedia.org/resource/Numero_in_virgola_mobile,6,7,it,0.9999999829284293,
WorksandDays(Greek).Machinereadabletext,None_urn:cts:greekLit:tlg0020.tlg002.perseus-grc2,304,304.1_it,pione,pione,, ,http://it.dbpedia.org/resource/Pione,31,33,it,0.9999924921744745,
WorksandDays(Greek).Machinereadabletext,None_urn:cts:greekLit:tlg0020.tlg002.perseus-grc2,304,304.0_en,floating point,floating_point,, ,http://dbpedia.org/resource/Floating-point_arithmetic,6,7,en,0.9998699040189634,
WorksandDays(Greek).Machinereadabletext,None_urn:cts:greekLit:tlg0020.tlg002.perseus-grc2,304,304.1_en,pion,pion,, ,http://dbpedia.org/resource/Pion,34,36,en,0.9999998733426674,
WorksandDays(Greek).Machinereadabletext,None_urn:cts:greekLit:tlg0020.tlg002.perseus-grc2,307,307.0_en,Demeter,Demeter,<https://opentheso.huma-num.fr/?idc=pcrtRtsryigJK4&idt=th310>,pcrtRtsryigJK4,http://dbpedia.org/resource/Demeter,6,7,en,0.9998030086198233,"Wikidata:Q24229398,Wikidata:Q178885,DUL:Agent,DBpedia:Agent,DBpedia:Deity"
WorksandDays(Greek).Machinereadabletext,None_urn:cts:greekLit:tlg0020.tlg002.perseus-grc2,310,310.0_it,Persia,Persia,<https://opentheso.huma-num.fr/?idc=pcrtiz8ndVfKcX&idt=th310>,pcrtiz8ndVfKcX,http://it.dbpedia.org/resource/Persia,38,40,it,0.9721746614397371,
WorksandDays(Greek).Machinereadabletext,None_urn:cts:greekLit:tlg0020.tlg002.perseus-grc2,310,310.0_en,Persia,Persia,<https://opentheso.huma-num.fr/?idc=pcrtiz8ndVfKcX&idt=th310>,pcrtiz8ndVfKcX,http://dbpedia.org/resource/Iran,46,48,en,0.9801725119418486,"Wikidata:Q6256,Schema:Place,Schema:Country,DBpedia:PopulatedPlace,DBpedia:Place,DBpedia:Location,DBpedia:Country"
WorksandDays(Greek).Machinereadabletext,None_urn:cts:greekLit:tlg0020.tlg002.perseus-grc2,316,316.0_en,famine,famine,, ,http://dbpedia.org/resource/Famine,33,35,en,0.9658734995494149,
WorksandDays(Greek).Machinereadabletext,None_urn:cts:greekLit:tlg0020.tlg002.perseus-grc2,326,326.0_it,Sirio,Sirio,, ,http://it.dbpedia.org/resource/Sirio,39,41,it,0.9993206498211592,"Schema:Place,DBpedia:Place,DBpedia:Location,DBpedia:CelestialBody"
WorksandDays(Greek).Machinereadabletext,None_urn:cts:greekLit:tlg0020.tlg002.perseus-grc2,326,326.1_it,stella,stella,<https://opentheso.huma-num.fr/?idc=5012&idt=th310>,5012,http://it.dbpedia.org/resource/Stella,57,59,it,0.9999939278900495,
WorksandDays(Greek).Machinereadabletext,None_urn:cts:greekLit:tlg0020.tlg002.perseus-grc2,326,326.0_en,Sirius,Sirius,<https://opentheso.huma-num.fr/?idc=106059&idt=th310>,106059,http://dbpedia.org/resource/Sirius,29,31,en,0.9966999348044515,"Schema:Place,DBpedia:Place,DBpedia:Location,DBpedia:CelestialBody,DBpedia:Star"
WorksandDays(Greek).Machinereadabletext,None_urn:cts:greekLit:tlg0020.tlg002.perseus-grc2,328,328.0_it,ferro,ferro,<https://opentheso.huma-num.fr/?idc=pcrtJWWucnutA0&idt=th310>,pcrtJWWucnutA0,http://it.dbpedia.org/resource/Ferro,51,53,it,0.9997853101369854,
WorksandDays(Greek).Machinereadabletext,None_urn:cts:greekLit:tlg0020.tlg002.perseus-grc2,328,328.0_en,iron,iron,<https://opentheso.huma-num.fr/?idc=pcrtJWWucnutA0&idt=th310>,pcrtJWWucnutA0,http://dbpedia.org/resource/Iron,35,37,en,0.9769771727084922,
WorksandDays(Greek).Machinereadabletext,None_urn:cts:greekLit:tlg0020.tlg002.perseus-grc2,329,329.0_it,foglie,foglie,, ,http://it.dbpedia.org/resource/Foglia,17,19,it,0.9999981699449284,
WorksandDays(Greek).Machinereadabletext,None_urn:cts:greekLit:tlg0020.tlg002.perseus-grc2,332,332.0_it,axona,axona,, ,http://it.dbpedia.org/resource/Battaglia_del_fiume_Axona,6,7,it,0.9994860186883243,"Wikidata:Q1656682,DUL:Event,Schema:Event,DBpedia:SocietalEvent,DBpedia:Event,DBpedia:MilitaryConflict"
WorksandDays(Greek).Machinereadabletext,None_urn:cts:greekLit:tlg0020.tlg002.perseus-grc2,339,339.0_en,poison,poison,<https://opentheso.huma-num.fr/?idc=105198&idt=th310>,105198,http://dbpedia.org/resource/Poison,39,41,en,0.9699164282109495,
WorksandDays(Greek).Machinereadabletext,None_urn:cts:greekLit:tlg0020.tlg002.perseus-grc2,344,344.0_it,aratro,aratro,<https://opentheso.huma-num.fr/?idc=pcrt7T5gZSoZg6&idt=th310>,pcrt7T5gZSoZg6,http://it.dbpedia.org/resource/Aratro,37,39,it,0.9999999927546241,
WorksandDays(Greek).Machinereadabletext,None_urn:cts:greekLit:tlg0020.tlg002.perseus-grc2,346,346.0_it,pane,pane,<https://opentheso.huma-num.fr/?idc=pcrtDr6Oi6lHM6&idt=th310>,pcrtDr6Oi6lHM6,http://it.dbpedia.org/resource/Pane,6,7,it,0.9999455712395094,
WorksandDays(Greek).Machinereadabletext,None_urn:cts:greekLit:tlg0020.tlg002.perseus-grc2,352,352.0_it,maggese,maggese,<https://opentheso.huma-num.fr/?idc=pcrtahVia37cgW&idt=th310>,pcrtahVia37cgW,http://it.dbpedia.org/resource/Maggese,28,30,it,0.9999995723648629,
WorksandDays(Greek).Machinereadabletext,None_urn:cts:greekLit:tlg0020.tlg002.perseus-grc2,352,352.0_en,fallow,fallow,, ,http://dbpedia.org/resource/Fallow,10,12,en,0.9821247329889441,
WorksandDays(Greek).Machinereadabletext,None_urn:cts:greekLit:tlg0020.tlg002.perseus-grc2,353,353.0_en,cloud,cloud,, ,http://dbpedia.org/resource/Cloud,17,19,en,0.6114636005682317,
WorksandDays(Greek).Machinereadabletext,None_urn:cts:greekLit:tlg0020.tlg002.perseus-grc2,354,354.0_it,elica,elica,, ,http://it.dbpedia.org/resource/Elica,39,41,it,0.9998468335935774,
WorksandDays(Greek).Machinereadabletext,None_urn:cts:greekLit:tlg0020.tlg002.perseus-grc2,354,354.0_en,helix,helix,, ,http://dbpedia.org/resource/Helix,43,45,en,0.9714442484257716,
WorksandDays(Greek).Machinereadabletext,None_urn:cts:greekLit:tlg0020.tlg002.perseus-grc2,356,356.0_en,amakan,amakan,, ,http://dbpedia.org/resource/Amakan,42,44,en,0.9999990196288852,
WorksandDays(Greek).Machinereadabletext,None_urn:cts:greekLit:tlg0020.tlg002.perseus-grc2,362,362.0_en,city,city,, ,http://dbpedia.org/resource/City,15,17,en,0.7341920773511197,
WorksandDays(Greek).Machinereadabletext,None_urn:cts:greekLit:tlg0020.tlg002.perseus-grc2,368,368.0_en,parrot,parrot,<https://opentheso.huma-num.fr/?idc=108565&idt=th310>,108565,http://dbpedia.org/resource/Parrot,21,23,en,0.9867936578695455,
WorksandDays(Greek).Machinereadabletext,None_urn:cts:greekLit:tlg0020.tlg002.perseus-grc2,371,371.0_it,grano,grano,<https://opentheso.huma-num.fr/?idc=pcrtLieaANMAud&idt=th310>,pcrtLieaANMAud,http://it.dbpedia.org/resource/Triticum,35,37,it,0.9998204901826423,DBpedia:Species
WorksandDays(Greek).Machinereadabletext,None_urn:cts:greekLit:tlg0020.tlg002.perseus-grc2,371,371.0_en,corn,corn,, ,http://dbpedia.org/resource/Maize,34,36,en,0.9976062959013252,
WorksandDays(Greek).Machinereadabletext,None_urn:cts:greekLit:tlg0020.tlg002.perseus-grc2,372,372.0_it,Olimpo,Olimpo,, ,http://it.dbpedia.org/resource/Olimpo,41,43,it,0.9915585749502687,"Wikidata:Q8502,Schema:Place,Schema:Mountain,DBpedia:Place,DBpedia:NaturalPlace,DBpedia:Location,DBpedia:Mountain"
WorksandDays(Greek).Machinereadabletext,None_urn:cts:greekLit:tlg0020.tlg002.perseus-grc2,372,372.0_it,ragni,ragni,, ,http://it.dbpedia.org/resource/Araneae,21,23,it,0.9986488345497065,DBpedia:Species
WorksandDays(Greek).Machinereadabletext,None_urn:cts:greekLit:tlg0020.tlg002.perseus-grc2,375,375.0_it,allos,allos,, ,http://it.dbpedia.org/resource/Allos,23,25,it,0.9999999151646257,"Schema:Place,DBpedia:Place,DBpedia:Location,DBpedia:PopulatedPlace"
WorksandDays(Greek).Machinereadabletext,None_urn:cts:greekLit:tlg0020.tlg002.perseus-grc2,380,380.0_en,medicine,medicine,, ,http://dbpedia.org/resource/Medicine,44,46,en,0.995114528749105,"Wikidata:Q930752,DBpedia:MedicalSpecialty"
WorksandDays(Greek).Machinereadabletext,None_urn:cts:greekLit:tlg0020.tlg002.perseus-grc2,383,383.0_it,Zeus,Zeus,<https://opentheso.huma-num.fr/?idc=pcrtSgaLklRNDT&idt=th310>,pcrtSgaLklRNDT,http://it.dbpedia.org/resource/Zeus,6,7,it,0.9998009506492735,
WorksandDays(Greek).Machinereadabletext,None_urn:cts:greekLit:tlg0020.tlg002.perseus-grc2,383,383.0_en,Zeus,Zeus,<https://opentheso.huma-num.fr/?idc=pcrtSgaLklRNDT&idt=th310>,pcrtSgaLklRNDT,http://dbpedia.org/resource/Zeus,6,7,en,0.9999396793789928,"Wikidata:Q24229398,Wikidata:Q178885,DUL:Agent,DBpedia:Agent,DBpedia:Deity"
WorksandDays(Greek).Machinereadabletext,None_urn:cts:greekLit:tlg0020.tlg002.perseus-grc2,387,387.0_it,rame,rame,<https://opentheso.huma-num.fr/?idc=pcrt16pnvNar4g&idt=th310>,pcrt16pnvNar4g,http://it.dbpedia.org/resource/Rame,32,34,it,0.9999813581224318,
WorksandDays(Greek).Machinereadabletext,None_urn:cts:greekLit:tlg0020.tlg002.perseus-grc2,387,387.0_en,copper,copper,<https://opentheso.huma-num.fr/?idc=pcrt16pnvNar4g&idt=th310>,pcrt16pnvNar4g,http://dbpedia.org/resource/Copper,20,22,en,0.9999286268235935,
WorksandDays(Greek).Machinereadabletext,None_urn:cts:greekLit:tlg0020.tlg002.perseus-grc2,388,388.0_it,vento,vento,, ,http://it.dbpedia.org/resource/Vento,24,26,it,0.9997329966626152,
WorksandDays(Greek).Machinereadabletext,None_urn:cts:greekLit:tlg0020.tlg002.perseus-grc2,390,390.0_en,fat,fat,<https://opentheso.huma-num.fr/?idc=105983&idt=th310>,105983,http://dbpedia.org/resource/Fat,32,34,en,0.9656845165612414,
WorksandDays(Greek).Machinereadabletext,None_urn:cts:greekLit:tlg0020.tlg002.perseus-grc2,392,392.0_it,Vita utile,Vita_utile,, ,http://it.dbpedia.org/resource/Vita_utile,6,7,it,0.9999999827844023,
WorksandDays(Greek).Machinereadabletext,None_urn:cts:greekLit:tlg0020.tlg002.perseus-grc2,396,396.0_en,bad breath,bad_breath,, ,http://dbpedia.org/resource/Bad_breath,18,20,en,1.0,"Wikidata:Q12136,DBpedia:Disease"
WorksandDays(Greek).Machinereadabletext,None_urn:cts:greekLit:tlg0020.tlg002.perseus-grc2,397,397.0_it,Respirazione,Respirazione,, ,http://it.dbpedia.org/resource/Respirazione,6,7,it,0.9997631016728636,
WorksandDays(Greek).Machinereadabletext,None_urn:cts:greekLit:tlg0020.tlg002.perseus-grc2,398,398.0_it,cavaliere tracio,cavaliere_tracio,, ,http://it.dbpedia.org/resource/Cavaliere_trace,18,20,it,0.999999999960707,
WorksandDays(Greek).Machinereadabletext,None_urn:cts:greekLit:tlg0020.tlg002.perseus-grc2,398,398.0_en,Thracian horseman,Thracian_horseman,, ,http://dbpedia.org/resource/Thracian_horseman,17,19,en,0.9999999999999858,
WorksandDays(Greek).Machinereadabletext,None_urn:cts:greekLit:tlg0020.tlg002.perseus-grc2,402,402.0_en,meze,meze,, ,http://dbpedia.org/resource/Meze,59,61,en,0.9999998130701645,"Wikidata:Q2095,DBpedia:Food"
WorksandDays(Greek).Machinereadabletext,None_urn:cts:greekLit:tlg0020.tlg002.perseus-grc2,403,403.0_en,tng,tng,, ,http://dbpedia.org/resource/Touch_'n_Go,6,7,en,0.9999999999553779,
WorksandDays(Greek).Machinereadabletext,None_urn:cts:greekLit:tlg0020.tlg002.perseus-grc2,403,403.1_en,tng,tng,, ,http://dbpedia.org/resource/Touch_'n_Go,47,49,en,0.9999999999553779,
WorksandDays(Greek).Machinereadabletext,None_urn:cts:greekLit:tlg0020.tlg002.perseus-grc2,405,405.0_en,goat,goat,<https://opentheso.huma-num.fr/?idc=pcrt3jcrAaRENB&idt=th310>,pcrt3jcrAaRENB,http://dbpedia.org/resource/Goat,38,40,en,0.9986225922861824,
WorksandDays(Greek).Machinereadabletext,None_urn:cts:greekLit:tlg0020.tlg002.perseus-grc2,407,407.0_it,vento,vento,, ,http://it.dbpedia.org/resource/Vento,16,18,it,0.997532015409214,
WorksandDays(Greek).Machinereadabletext,None_urn:cts:greekLit:tlg0020.tlg002.perseus-grc2,407,407.0_en,North wind,North_wind,, ,http://dbpedia.org/resource/North_wind,17,19,en,0.9999999921458453,
WorksandDays(Greek).Machinereadabletext,None_urn:cts:greekLit:tlg0020.tlg002.perseus-grc2,409,409.0_it,Afrodite,Afrodite,<https://opentheso.huma-num.fr/?idc=pcrto1JDYSQe8s&idt=th310>,pcrto1JDYSQe8s,http://it.dbpedia.org/resource/Afrodite,38,40,it,0.9999994726920929,"Wikidata:Q95074,Wikidata:Q24229398,DUL:Agent,DBpedia:Agent,DBpedia:FictionalCharacter"
WorksandDays(Greek).Machinereadabletext,None_urn:cts:greekLit:tlg0020.tlg002.perseus-grc2,409,409.0_en,Aphrodite,Aphrodite,<https://opentheso.huma-num.fr/?idc=pcrto1JDYSQe8s&idt=th310>,pcrto1JDYSQe8s,http://dbpedia.org/resource/Aphrodite,42,44,en,0.9824828763878942,"Wikidata:Q24229398,Wikidata:Q178885,DUL:Agent,DBpedia:Agent,DBpedia:Deity"
WorksandDays(Greek).Machinereadabletext,None_urn:cts:greekLit:tlg0020.tlg002.perseus-grc2,410,410.0_it,olio,olio,<https://opentheso.huma-num.fr/?idc=pcrttvE2YZwZu6&idt=th310>,pcrttvE2YZwZu6,http://it.dbpedia.org/resource/Pittura_a_olio,38,40,it,0.6850112410568318,
WorksandDays(Greek).Machinereadabletext,None_urn:cts:greekLit:tlg0020.tlg002.perseus-grc2,410,410.0_en,terena,terena,, ,http://dbpedia.org/resource/TERENA,22,24,en,0.99999999999973,"Wikidata:Q43229,Wikidata:Q24229398,DUL:SocialPerson,DUL:Agent,Schema:Organization,DBpedia:Agent,DBpedia:Organisation"
WorksandDays(Greek).Machinereadabletext,None_urn:cts:greekLit:tlg0020.tlg002.perseus-grc2,414,414.0_en,city,city,, ,http://dbpedia.org/resource/City,22,24,en,0.7024192509380391,
WorksandDays(Greek).Machinereadabletext,None_urn:cts:greekLit:tlg0020.tlg002.perseus-grc2,420,420.0_it,bianco,bianco,, ,http://it.dbpedia.org/resource/Bianco,49,51,it,0.9720417038488508,
WorksandDays(Greek).Machinereadabletext,None_urn:cts:greekLit:tlg0020.tlg002.perseus-grc2,423,423.0_it,stami,stami,, ,http://it.dbpedia.org/resource/Stame,6,7,it,0.9997350808722612,
WorksandDays(Greek).Machinereadabletext,None_urn:cts:greekLit:tlg0020.tlg002.perseus-grc2,423,423.1_it,petali,petali,, ,http://it.dbpedia.org/resource/Petalo,22,24,it,0.9995370228278232,
WorksandDays(Greek).Machinereadabletext,None_urn:cts:greekLit:tlg0020.tlg002.perseus-grc2,428,428.0_en,nerve,nerve,, ,http://dbpedia.org/resource/Nerve,25,27,en,0.9924981866178891,"Wikidata:Q9620,Wikidata:Q4936952,DBpedia:AnatomicalStructure,DBpedia:Nerve"
WorksandDays(Greek).Machinereadabletext,None_urn:cts:greekLit:tlg0020.tlg002.perseus-grc2,429,429.0_en,ascetic,ascetic,, ,http://dbpedia.org/resource/Asceticism,16,18,en,0.9984074619104507,
WorksandDays(Greek).Machinereadabletext,None_urn:cts:greekLit:tlg0020.tlg002.perseus-grc2,436,436.0_en,cloud,cloud,, ,http://dbpedia.org/resource/Cloud,24,26,en,0.9684865646837586,
WorksandDays(Greek).Machinereadabletext,None_urn:cts:greekLit:tlg0020.tlg002.perseus-grc2,440,440.0_it,bouzin,bouzin,, ,http://it.dbpedia.org/resource/Bouzin,16,18,it,0.6673223136959501,"Schema:Place,DBpedia:Place,DBpedia:Location,DBpedia:PopulatedPlace"
WorksandDays(Greek).Machinereadabletext,None_urn:cts:greekLit:tlg0020.tlg002.perseus-grc2,444,444.0_it,Zeus,Zeus,<https://opentheso.huma-num.fr/?idc=pcrtSgaLklRNDT&idt=th310>,pcrtSgaLklRNDT,http://it.dbpedia.org/resource/Zeus,15,17,it,0.999875669079733,
WorksandDays(Greek).Machinereadabletext,None_urn:cts:greekLit:tlg0020.tlg002.perseus-grc2,444,444.0_en,zeus,zeus,<https://opentheso.huma-num.fr/?idc=pcrtSgaLklRNDT&idt=th310>,pcrtSgaLklRNDT,http://dbpedia.org/resource/Zeus,14,16,en,0.9995965128084149,"Wikidata:Q24229398,Wikidata:Q178885,DUL:Agent,DBpedia:Agent,DBpedia:Deity"
WorksandDays(Greek).Machinereadabletext,None_urn:cts:greekLit:tlg0020.tlg002.perseus-grc2,447,447.0_it,erto,erto,, ,http://it.dbpedia.org/resource/Erto_e_Casso,36,38,it,0.9999994275543291,"Schema:Place,DBpedia:Place,DBpedia:Location,DBpedia:PopulatedPlace"
WorksandDays(Greek).Machinereadabletext,None_urn:cts:greekLit:tlg0020.tlg002.perseus-grc2,447,447.0_en,Pandionis,Pandionis,, ,http://dbpedia.org/resource/Pandionis,26,28,en,0.9999999600138602,
WorksandDays(Greek).Machinereadabletext,None_urn:cts:greekLit:tlg0020.tlg002.perseus-grc2,448,448.0_en,wine,wine,<https://opentheso.huma-num.fr/?idc=pcrt3mTg9h3RFE&idt=th310>,pcrt3mTg9h3RFE,http://dbpedia.org/resource/Wine,10,12,en,0.9986090667919547,"Wikidata:Q2095,DBpedia:Food,DBpedia:Beverage"
WorksandDays(Greek).Machinereadabletext,None_urn:cts:greekLit:tlg0020.tlg002.perseus-grc2,449,449.0_it,chthon,chthon,, ,http://it.dbpedia.org/resource/Chthon_(Marvel_Comics),39,41,it,0.9566443357157702,
WorksandDays(Greek).Machinereadabletext,None_urn:cts:greekLit:tlg0020.tlg002.perseus-grc2,450,450.0_it,Pleiadi,Pleiadi,, ,http://it.dbpedia.org/resource/Pleiadi_(astronomia),9,10,it,0.8168355248698727,
WorksandDays(Greek).Machinereadabletext,None_urn:cts:greekLit:tlg0020.tlg002.perseus-grc2,450,450.0_en,Pleiades,Pleiades,<https://opentheso.huma-num.fr/?idc=107103&idt=th310>,107103,http://dbpedia.org/resource/Pleiades,6,7,en,0.998114590258888,
WorksandDays(Greek).Machinereadabletext,None_urn:cts:greekLit:tlg0020.tlg002.perseus-grc2,450,450.1_en,wine,wine,<https://opentheso.huma-num.fr/?idc=pcrt3mTg9h3RFE&idt=th310>,pcrt3mTg9h3RFE,http://dbpedia.org/resource/Wine,40,42,en,0.9990916920292497,"Wikidata:Q2095,DBpedia:Food,DBpedia:Beverage"
WorksandDays(Greek).Machinereadabletext,None_urn:cts:greekLit:tlg0020.tlg002.perseus-grc2,451,451.0_it,arpa,arpa,<https://opentheso.huma-num.fr/?idc=pcrtNmxI5XbWsY&idt=th310>,pcrtNmxI5XbWsY,http://it.dbpedia.org/resource/Arpa,20,22,it,0.999754686981394,
WorksandDays(Greek).Machinereadabletext,None_urn:cts:greekLit:tlg0020.tlg002.perseus-grc2,451,451.0_en,harp,harp,<https://opentheso.huma-num.fr/?idc=pcrtNmxI5XbWsY&idt=th310>,pcrtNmxI5XbWsY,http://dbpedia.org/resource/Harp,14,16,en,0.9962899768854707,
WorksandDays(Greek).Machinereadabletext,None_urn:cts:greekLit:tlg0020.tlg002.perseus-grc2,458,458.0_en,flower,flower,<https://opentheso.huma-num.fr/?idc=107531&idt=th310>,107531,http://dbpedia.org/resource/Flower,31,33,en,0.9985292721261275,
WorksandDays(Greek).Machinereadabletext,None_urn:cts:greekLit:tlg0020.tlg002.perseus-grc2,460,460.0_en,wine,wine,<https://opentheso.huma-num.fr/?idc=pcrt3mTg9h3RFE&idt=th310>,pcrt3mTg9h3RFE,http://dbpedia.org/resource/Wine,28,30,en,0.9995861437705165,"Wikidata:Q2095,DBpedia:Food,DBpedia:Beverage"
WorksandDays(Greek).Machinereadabletext,None_urn:cts:greekLit:tlg0020.tlg002.perseus-grc2,462,462.0_it,Sirio,Sirio,, ,http://it.dbpedia.org/resource/Sirio,44,46,it,0.961065857479849,"Schema:Place,DBpedia:Place,DBpedia:Location,DBpedia:CelestialBody"
WorksandDays(Greek).Machinereadabletext,None_urn:cts:greekLit:tlg0020.tlg002.perseus-grc2,462,462.0_en,Sirius,Sirius,<https://opentheso.huma-num.fr/?idc=106059&idt=th310>,106059,http://dbpedia.org/resource/Sirius,32,34,en,0.7744753574573348,"Schema:Place,DBpedia:Place,DBpedia:Location,DBpedia:CelestialBody,DBpedia:Star"
WorksandDays(Greek).Machinereadabletext,None_urn:cts:greekLit:tlg0020.tlg002.perseus-grc2,464,464.0_en,wine,wine,<https://opentheso.huma-num.fr/?idc=pcrt3mTg9h3RFE&idt=th310>,pcrt3mTg9h3RFE,http://dbpedia.org/resource/Wine,39,41,en,0.9993342564084536,"Wikidata:Q2095,DBpedia:Food,DBpedia:Beverage"
WorksandDays(Greek).Machinereadabletext,None_urn:cts:greekLit:tlg0020.tlg002.perseus-grc2,464,464.0_it,melassa,melassa,, ,http://it.dbpedia.org/resource/Melassa,36,38,it,0.9999999599359491,
WorksandDays(Greek).Machinereadabletext,None_urn:cts:greekLit:tlg0020.tlg002.perseus-grc2,464,464.0_en,milk,milk,<https://opentheso.huma-num.fr/?idc=pcrtAWl3eAUQlA&idt=th310>,pcrtAWl3eAUQlA,http://dbpedia.org/resource/Milk,25,27,en,0.8051015667498869,
WorksandDays(Greek).Machinereadabletext,None_urn:cts:greekLit:tlg0020.tlg002.perseus-grc2,465,465.0_en,ox,ox,, ,http://dbpedia.org/resource/Ox,10,12,en,0.6737669838756658,
WorksandDays(Greek).Machinereadabletext,None_urn:cts:greekLit:tlg0020.tlg002.perseus-grc2,465,465.1_en,carnivorous,carnivorous,<https://opentheso.huma-num.fr/?idc=105342&idt=th310>,105342,http://dbpedia.org/resource/Carnivore,13,15,en,0.9542919217379753,
WorksandDays(Greek).Machinereadabletext,None_urn:cts:greekLit:tlg0020.tlg002.perseus-grc2,466,466.0_en,wine,wine,<https://opentheso.huma-num.fr/?idc=pcrt3mTg9h3RFE&idt=th310>,pcrt3mTg9h3RFE,http://dbpedia.org/resource/Wine,34,36,en,0.9983667707559527,"Wikidata:Q2095,DBpedia:Food,DBpedia:Beverage"
WorksandDays(Greek).Machinereadabletext,None_urn:cts:greekLit:tlg0020.tlg002.perseus-grc2,467,467.0_it,ombra,ombra,, ,http://it.dbpedia.org/resource/Ombra,10,12,it,0.9841276913870597,
WorksandDays(Greek).Machinereadabletext,None_urn:cts:greekLit:tlg0020.tlg002.perseus-grc2,467,467.1_it,etica,etica,, ,http://it.dbpedia.org/resource/Etica,22,24,it,0.9966517581671487,
WorksandDays(Greek).Machinereadabletext,None_urn:cts:greekLit:tlg0020.tlg002.perseus-grc2,468,468.0_it,Zefiro,Zefiro,, ,http://it.dbpedia.org/resource/Zefiro,21,23,it,0.9977504361722068,"Wikidata:Q95074,Wikidata:Q24229398,DUL:Agent,DBpedia:Agent,DBpedia:FictionalCharacter"
WorksandDays(Greek).Machinereadabletext,None_urn:cts:greekLit:tlg0020.tlg002.perseus-grc2,468,468.0_en,Zephyrus,Zephyrus,, ,http://dbpedia.org/resource/Anemoi,21,23,en,0.9999999999972715,
WorksandDays(Greek).Machinereadabletext,None_urn:cts:greekLit:tlg0020.tlg002.perseus-grc2,469,469.0_en,wine,wine,<https://opentheso.huma-num.fr/?idc=pcrt3mTg9h3RFE&idt=th310>,pcrt3mTg9h3RFE,http://dbpedia.org/resource/Wine,64,66,en,0.997559893259986,"Wikidata:Q2095,DBpedia:Food,DBpedia:Beverage"
WorksandDays(Greek).Machinereadabletext,None_urn:cts:greekLit:tlg0020.tlg002.perseus-grc2,472,472.0_it,aloe,aloe,, ,http://it.dbpedia.org/resource/Aloe_vera,43,45,it,0.9464801009684352,DBpedia:Species
WorksandDays(Greek).Machinereadabletext,None_urn:cts:greekLit:tlg0020.tlg002.perseus-grc2,473,473.0_en,house full,house_full,, ,http://dbpedia.org/resource/House_Full_(TV_series),23,25,en,0.8061160491083562,
WorksandDays(Greek).Machinereadabletext,None_urn:cts:greekLit:tlg0020.tlg002.perseus-grc2,476,476.0_it,squalo,squalo,, ,http://it.dbpedia.org/resource/Selachimorpha,28,30,it,0.9995363741371204,DBpedia:Species
WorksandDays(Greek).Machinereadabletext,None_urn:cts:greekLit:tlg0020.tlg002.perseus-grc2,476,476.1_it,grano,grano,<https://opentheso.huma-num.fr/?idc=pcrtLieaANMAud&idt=th310>,pcrtLieaANMAud,http://it.dbpedia.org/resource/Triticum,60,62,it,0.998011915577077,DBpedia:Species
WorksandDays(Greek).Machinereadabletext,None_urn:cts:greekLit:tlg0020.tlg002.perseus-grc2,476,476.0_en,wheat,wheat,<https://opentheso.huma-num.fr/?idc=pcrtLieaANMAud&idt=th310>,pcrtLieaANMAud,http://dbpedia.org/resource/Wheat,49,51,en,0.9999061383888487,
WorksandDays(Greek).Machinereadabletext,None_urn:cts:greekLit:tlg0020.tlg002.perseus-grc2,477,477.0_it,erba,erba,, ,http://it.dbpedia.org/resource/Erba,20,22,it,0.9993201074352224,
WorksandDays(Greek).Machinereadabletext,None_urn:cts:greekLit:tlg0020.tlg002.perseus-grc2,480,480.0_en,Arion,Arion,<https://opentheso.huma-num.fr/?idc=107029&idt=th310>,107029,http://dbpedia.org/resource/Arion,9,10,en,0.9956191854250079,
WorksandDays(Greek).Machinereadabletext,None_urn:cts:greekLit:tlg0020.tlg002.perseus-grc2,480,480.1_en,Sirius,Sirius,<https://opentheso.huma-num.fr/?idc=106059&idt=th310>,106059,http://dbpedia.org/resource/Sirius,19,21,en,0.8499271362947807,"Schema:Place,DBpedia:Place,DBpedia:Location,DBpedia:CelestialBody,DBpedia:Star"
WorksandDays(Greek).Machinereadabletext,None_urn:cts:greekLit:tlg0020.tlg002.perseus-grc2,480,480.0_en,Ios,Ios,, ,http://dbpedia.org/resource/Ios,46,48,en,0.999999981954872,"Wikidata:Q486972,Wikidata:Q3957,Schema:Place,DBpedia:Settlement,DBpedia:PopulatedPlace,DBpedia:Place,DBpedia:Location,DBpedia:Town"
WorksandDays(Greek).Machinereadabletext,None_urn:cts:greekLit:tlg0020.tlg002.perseus-grc2,481,481.0_it,donnola,donnola,, ,http://it.dbpedia.org/resource/Mustela_nivalis,51,53,it,0.9927978976227262,DBpedia:Species
WorksandDays(Greek).Machinereadabletext,None_urn:cts:greekLit:tlg0020.tlg002.perseus-grc2,484,484.0_en,Dionysus,Dionysus,, ,http://dbpedia.org/resource/Dionysius_of_Halicarnassus,15,17,en,0.9987948208548137,"Http://xmlns.com/foaf/0.1/Person,Wikidata:Q729,Wikidata:Q5,Wikidata:Q215627,Wikidata:Q19088,DUL:NaturalPerson,Schema:Person,DBpedia:Species,DBpedia:Eukaryote,DBpedia:Animal,DBpedia:Person"
WorksandDays(Greek).Machinereadabletext,None_urn:cts:greekLit:tlg0020.tlg002.perseus-grc2,484,484.0_it,Pleiadi,Pleiadi,, ,http://it.dbpedia.org/resource/Pleiadi_(astronomia),6,7,it,0.8168355248698727,
WorksandDays(Greek).Machinereadabletext,None_urn:cts:greekLit:tlg0020.tlg002.perseus-grc2,484,484.1_it,Iadi,Iadi,, ,http://it.dbpedia.org/resource/Iadi,18,20,it,0.9999999915089433,
WorksandDays(Greek).Machinereadabletext,None_urn:cts:greekLit:tlg0020.tlg002.perseus-grc2,484,484.2_it,Arione,Arione,, ,http://it.dbpedia.org/resource/Arione_di_Metimna,34,36,it,0.9999920618360979,
WorksandDays(Greek).Machinereadabletext,None_urn:cts:greekLit:tlg0020.tlg002.perseus-grc2,484,484.0_en,Pleiades,Pleiades,<https://opentheso.huma-num.fr/?idc=107103&idt=th310>,107103,http://dbpedia.org/resource/Pleiades,6,7,en,0.9999999561632659,
WorksandDays(Greek).Machinereadabletext,None_urn:cts:greekLit:tlg0020.tlg002.perseus-grc2,484,484.1_en,Hyades,Hyades,, ,http://dbpedia.org/resource/Hyades_(star_cluster),20,22,en,0.6493956559705476,
WorksandDays(Greek).Machinereadabletext,None_urn:cts:greekLit:tlg0020.tlg002.perseus-grc2,484,484.2_en,Arion,Arion,<https://opentheso.huma-num.fr/?idc=107029&idt=th310>,107029,http://dbpedia.org/resource/Arion,43,45,en,0.9956191854250079,
WorksandDays(Greek).Machinereadabletext,None_urn:cts:greekLit:tlg0020.tlg002.perseus-grc2,488,488.0_it,Pleiadi,Pleiadi,, ,http://it.dbpedia.org/resource/Pleiadi_(astronomia),26,28,it,0.8168355248698669,
WorksandDays(Greek).Machinereadabletext,None_urn:cts:greekLit:tlg0020.tlg002.perseus-grc2,488,488.0_en,Pleiades,Pleiades,<https://opentheso.huma-num.fr/?idc=107103&idt=th310>,107103,http://dbpedia.org/resource/Pleiades,14,16,en,0.9960856882025995,
WorksandDays(Greek).Machinereadabletext,None_urn:cts:greekLit:tlg0020.tlg002.perseus-grc2,489,489.0_it,soffiano,soffiano,, ,http://it.dbpedia.org/resource/Soffiano,10,12,it,0.990947001746255,
WorksandDays(Greek).Machinereadabletext,None_urn:cts:greekLit:tlg0020.tlg002.perseus-grc2,490,490.0_en,wine,wine,<https://opentheso.huma-num.fr/?idc=pcrt3mTg9h3RFE&idt=th310>,pcrt3mTg9h3RFE,http://dbpedia.org/resource/Wine,34,36,en,0.9990418905547657,"Wikidata:Q2095,DBpedia:Food,DBpedia:Beverage"
WorksandDays(Greek).Machinereadabletext,None_urn:cts:greekLit:tlg0020.tlg002.perseus-grc2,490,490.1_en,wine,wine,<https://opentheso.huma-num.fr/?idc=pcrt3mTg9h3RFE&idt=th310>,pcrt3mTg9h3RFE,http://dbpedia.org/resource/Wine,55,57,en,0.9990418905547657,"Wikidata:Q2095,DBpedia:Food,DBpedia:Beverage"
WorksandDays(Greek).Machinereadabletext,None_urn:cts:greekLit:tlg0020.tlg002.perseus-grc2,493,493.0_it,Dio,Dio,, ,http://it.dbpedia.org/resource/Dio,49,51,it,0.9786906134227243,
WorksandDays(Greek).Machinereadabletext,None_urn:cts:greekLit:tlg0020.tlg002.perseus-grc2,493,493.0_en,cloud,cloud,, ,http://dbpedia.org/resource/Cloud_computing,39,41,en,0.703968177948346,
WorksandDays(Greek).Machinereadabletext,None_urn:cts:greekLit:tlg0020.tlg002.perseus-grc2,493,493.1_en,God,God,, ,http://dbpedia.org/resource/Names_of_God_in_Judaism,48,50,en,0.9179303334976715,
WorksandDays(Greek).Machinereadabletext,None_urn:cts:greekLit:tlg0020.tlg002.perseus-grc2,496,496.0_en,rudder,rudder,<https://opentheso.huma-num.fr/?idc=pcrtMoSyxvhdn9&idt=th310>,pcrtMoSyxvhdn9,http://dbpedia.org/resource/Rudder,6,7,en,0.999463033747305,
WorksandDays(Greek).Machinereadabletext,None_urn:cts:greekLit:tlg0020.tlg002.perseus-grc2,499,499.0_it,sos,sos,, ,http://it.dbpedia.org/resource/SOS,30,32,it,0.9995138181590236,
WorksandDays(Greek).Machinereadabletext,None_urn:cts:greekLit:tlg0020.tlg002.perseus-grc2,499,499.1_it,Persia,Persia,<https://opentheso.huma-num.fr/?idc=pcrtiz8ndVfKcX&idt=th310>,pcrtiz8ndVfKcX,http://it.dbpedia.org/resource/Persia,49,51,it,0.9800480427264473,
WorksandDays(Greek).Machinereadabletext,None_urn:cts:greekLit:tlg0020.tlg002.perseus-grc2,499,499.1_en,sos,sos,, ,http://dbpedia.org/resource/SOS,31,33,en,0.9917418268320176,
WorksandDays(Greek).Machinereadabletext,None_urn:cts:greekLit:tlg0020.tlg002.perseus-grc2,499,499.2_en,Persia,Persia,<https://opentheso.huma-num.fr/?idc=pcrtiz8ndVfKcX&idt=th310>,pcrtiz8ndVfKcX,http://dbpedia.org/resource/Iran,48,50,en,0.9650643982189254,"Wikidata:Q6256,Schema:Place,Schema:Country,DBpedia:PopulatedPlace,DBpedia:Place,DBpedia:Location,DBpedia:Country"
WorksandDays(Greek).Machinereadabletext,None_urn:cts:greekLit:tlg0020.tlg002.perseus-grc2,500,500.0_en,Anissa,Anissa,, ,http://dbpedia.org/resource/Thunder_(comics),63,65,en,0.9953058253533622,"Wikidata:Q95074,Wikidata:Q24229398,DUL:Agent,DBpedia:FictionalCharacter,DBpedia:Agent,DBpedia:ComicsCharacter"
WorksandDays(Greek).Machinereadabletext,None_urn:cts:greekLit:tlg0020.tlg002.perseus-grc2,501,501.1_it,Mar Nero,Mar_Nero,, ,http://it.dbpedia.org/resource/Mar_Nero,34,36,it,0.9995329256427141,
WorksandDays(Greek).Machinereadabletext,None_urn:cts:greekLit:tlg0020.tlg002.perseus-grc2,503,503.0_it,Zeus,Zeus,<https://opentheso.huma-num.fr/?idc=pcrtSgaLklRNDT&idt=th310>,pcrtSgaLklRNDT,http://it.dbpedia.org/resource/Zeus,44,46,it,0.9987618615231013,
WorksandDays(Greek).Machinereadabletext,None_urn:cts:greekLit:tlg0020.tlg002.perseus-grc2,503,503.0_en,Zeus,Zeus,<https://opentheso.huma-num.fr/?idc=pcrtSgaLklRNDT&idt=th310>,pcrtSgaLklRNDT,http://dbpedia.org/resource/Zeus,33,35,en,0.9998930999286767,"Wikidata:Q24229398,Wikidata:Q178885,DUL:Agent,DBpedia:Agent,DBpedia:Deity"
WorksandDays(Greek).Machinereadabletext,None_urn:cts:greekLit:tlg0020.tlg002.perseus-grc2,504,504.0_en,coma,coma,, ,http://dbpedia.org/resource/Coma,46,48,en,0.9984253490349468,"Wikidata:Q12136,DBpedia:Disease"
WorksandDays(Greek).Machinereadabletext,None_urn:cts:greekLit:tlg0020.tlg002.perseus-grc2,505,505.0_it,Persia,Persia,<https://opentheso.huma-num.fr/?idc=pcrtiz8ndVfKcX&idt=th310>,pcrtiz8ndVfKcX,http://it.dbpedia.org/resource/Persia,18,20,it,0.9739676271266412,
WorksandDays(Greek).Machinereadabletext,None_urn:cts:greekLit:tlg0020.tlg002.perseus-grc2,505,505.0_en,Persia,Persia,<https://opentheso.huma-num.fr/?idc=pcrtiz8ndVfKcX&idt=th310>,pcrtiz8ndVfKcX,http://dbpedia.org/resource/Achaemenid_Empire,18,20,en,0.9253971071193806,"Wikidata:Q6256,Schema:Place,Schema:Country,DBpedia:PopulatedPlace,DBpedia:Place,DBpedia:Location,DBpedia:Country"
WorksandDays(Greek).Machinereadabletext,None_urn:cts:greekLit:tlg0020.tlg002.perseus-grc2,508,508.0_it,vento,vento,, ,http://it.dbpedia.org/resource/Vento,25,27,it,0.9978106367903455,
WorksandDays(Greek).Machinereadabletext,None_urn:cts:greekLit:tlg0020.tlg002.perseus-grc2,510,510.0_en,famine,famine,, ,http://dbpedia.org/resource/Famine,32,34,en,0.9962590832741859,
WorksandDays(Greek).Machinereadabletext,None_urn:cts:greekLit:tlg0020.tlg002.perseus-grc2,513,513.1_it,Achei,Achei,<https://opentheso.huma-num.fr/?idc=pcrtFEYiYAd0oX&idt=th310>,pcrtFEYiYAd0oX,http://it.dbpedia.org/resource/Achei,52,54,it,0.9999444974246463,
WorksandDays(Greek).Machinereadabletext,None_urn:cts:greekLit:tlg0020.tlg002.perseus-grc2,515,515.0_it,Troia,Troia,, ,http://it.dbpedia.org/resource/Troia,25,27,it,0.9925615592400366,
WorksandDays(Greek).Machinereadabletext,None_urn:cts:greekLit:tlg0020.tlg002.perseus-grc2,515,515.0_en,Troy,Troy,, ,http://dbpedia.org/resource/Troy,27,29,en,0.9932660442570268,
WorksandDays(Greek).Machinereadabletext,None_urn:cts:greekLit:tlg0020.tlg002.perseus-grc2,516,516.0_it,Calcide,Calcide,, ,http://it.dbpedia.org/resource/Calcide,6,7,it,0.9939673706369729,"Schema:Place,DBpedia:Place,DBpedia:Location,DBpedia:PopulatedPlace"
WorksandDays(Greek).Machinereadabletext,None_urn:cts:greekLit:tlg0020.tlg002.perseus-grc2,516,516.0_en,Chalkida,Chalkida,, ,http://dbpedia.org/resource/Chalcis,6,7,en,0.9784935615632319,"Wikidata:Q3455524,Schema:Place,Schema:AdministrativeArea,DBpedia:Region,DBpedia:PopulatedPlace,DBpedia:Place,DBpedia:Location,DBpedia:AdministrativeRegion"
WorksandDays(Greek).Machinereadabletext,None_urn:cts:greekLit:tlg0020.tlg002.perseus-grc2,520,520.0_it,poligamia,poligamia,, ,http://it.dbpedia.org/resource/Poligamia,37,39,it,0.9999996398534785,
WorksandDays(Greek).Machinereadabletext,None_urn:cts:greekLit:tlg0020.tlg002.perseus-grc2,522,522.0_en,hymn,hymn,, ,http://dbpedia.org/resource/Hymn,46,48,en,0.8288479430540522,
WorksandDays(Greek).Machinereadabletext,None_urn:cts:greekLit:tlg0020.tlg002.perseus-grc2,526,526.0_it,Poseidone,Poseidone,<https://opentheso.huma-num.fr/?idc=pcrtS5RNOMy4IJ&idt=th310>,pcrtS5RNOMy4IJ,http://it.dbpedia.org/resource/Poseidone,31,33,it,0.9980343425472686,"Wikidata:Q95074,Wikidata:Q24229398,DUL:Agent,DBpedia:Agent,DBpedia:FictionalCharacter"
WorksandDays(Greek).Machinereadabletext,None_urn:cts:greekLit:tlg0020.tlg002.perseus-grc2,526,526.0_en,Poseidon,Poseidon,<https://opentheso.huma-num.fr/?idc=pcrtS5RNOMy4IJ&idt=th310>,pcrtS5RNOMy4IJ,http://dbpedia.org/resource/Poseidon,25,27,en,0.9994742037350798,"Wikidata:Q24229398,Wikidata:Q178885,DUL:Agent,DBpedia:Agent,DBpedia:Deity"
WorksandDays(Greek).Machinereadabletext,None_urn:cts:greekLit:tlg0020.tlg002.perseus-grc2,527,527.0_it,Zeus,Zeus,<https://opentheso.huma-num.fr/?idc=pcrtSgaLklRNDT&idt=th310>,pcrtSgaLklRNDT,http://it.dbpedia.org/resource/Zeus,13,15,it,0.9999900379422941,
WorksandDays(Greek).Machinereadabletext,None_urn:cts:greekLit:tlg0020.tlg002.perseus-grc2,527,527.0_en,Zeus,Zeus,<https://opentheso.huma-num.fr/?idc=pcrtSgaLklRNDT&idt=th310>,pcrtSgaLklRNDT,http://dbpedia.org/resource/Zeus,9,10,en,0.9999931892639334,"Wikidata:Q24229398,Wikidata:Q178885,DUL:Agent,DBpedia:Agent,DBpedia:Deity"
WorksandDays(Greek).Machinereadabletext,None_urn:cts:greekLit:tlg0020.tlg002.perseus-grc2,532,532.0_en,wine,wine,<https://opentheso.huma-num.fr/?idc=pcrt3mTg9h3RFE&idt=th310>,pcrt3mTg9h3RFE,http://dbpedia.org/resource/Wine,18,20,en,0.9989388340186843,"Wikidata:Q2095,DBpedia:Food,DBpedia:Beverage"
WorksandDays(Greek).Machinereadabletext,None_urn:cts:greekLit:tlg0020.tlg002.perseus-grc2,532,532.1_en,wine,wine,<https://opentheso.huma-num.fr/?idc=pcrt3mTg9h3RFE&idt=th310>,pcrt3mTg9h3RFE,http://dbpedia.org/resource/Wine,27,29,en,0.9989388340186843,"Wikidata:Q2095,DBpedia:Food,DBpedia:Beverage"
WorksandDays(Greek).Machinereadabletext,None_urn:cts:greekLit:tlg0020.tlg002.perseus-grc2,533,533.0_it,Dio,Dio,, ,http://it.dbpedia.org/resource/Dio,52,54,it,0.9972739575548081,
WorksandDays(Greek).Machinereadabletext,None_urn:cts:greekLit:tlg0020.tlg002.perseus-grc2,533,533.0_en,God,God,, ,http://dbpedia.org/resource/Names_of_God_in_Judaism,34,36,en,0.8522471190964558,
WorksandDays(Greek).Machinereadabletext,None_urn:cts:greekLit:tlg0020.tlg002.perseus-grc2,533,533.1_en,cloud,cloud,, ,http://dbpedia.org/resource/Cloud_computing,40,42,en,0.863851968579526,
WorksandDays(Greek).Machinereadabletext,None_urn:cts:greekLit:tlg0020.tlg002.perseus-grc2,534,534.0_it,ponton,ponton,, ,http://it.dbpedia.org/resource/Ponton_(automobile),36,38,it,0.9723018297813129,
WorksandDays(Greek).Machinereadabletext,None_urn:cts:greekLit:tlg0020.tlg002.perseus-grc2,541,541.0_en,soul,soul,, ,http://dbpedia.org/resource/Soul,23,25,en,0.8132336409426189,
WorksandDays(Greek).Machinereadabletext,None_urn:cts:greekLit:tlg0020.tlg002.perseus-grc2,546,546.0_it,vento,vento,, ,http://it.dbpedia.org/resource/Vento,22,24,it,0.9932257136246939,
WorksandDays(Greek).Machinereadabletext,None_urn:cts:greekLit:tlg0020.tlg002.perseus-grc2,552,552.0_en,fuck,fuck,, ,http://dbpedia.org/resource/Fuck,15,17,en,0.9991474339185499,
WorksandDays(Greek).Machinereadabletext,None_urn:cts:greekLit:tlg0020.tlg002.perseus-grc2,552,552.0_en,fuck,fuck,, ,http://dbpedia.org/resource/Fuck,20,22,en,0.9998204526584773,
WorksandDays(Greek).Machinereadabletext,None_urn:cts:greekLit:tlg0020.tlg002.perseus-grc2,559,559.0_it,fai,fai,, ,http://it.dbpedia.org/resource/Federazione_calcistica_dell'Irlanda,16,18,it,0.6293302449982371,"Wikidata:Q349,Wikidata:Q1914636,Http://www.ontologydesignpatterns.org/ont/d0.owl#Activity,DBpedia:Activity,DBpedia:Sport"
WorksandDays(Greek).Machinereadabletext,None_urn:cts:greekLit:tlg0020.tlg002.perseus-grc2,568,568.0_it,Ges,Ges,, ,http://it.dbpedia.org/resource/Ges,67,69,it,0.9996742159656964,"Http://xmlns.com/foaf/0.1/Person,Wikidata:Q729,Wikidata:Q5,Wikidata:Q215627,Wikidata:Q19088,DUL:NaturalPerson,Schema:Person,DBpedia:Species,DBpedia:Eukaryote,DBpedia:Animal,DBpedia:Person"
WorksandDays(Greek).Machinereadabletext,None_urn:cts:greekLit:tlg0020.tlg002.perseus-grc2,568,568.0_en,Jesus,Jesus,, ,http://dbpedia.org/resource/Jesus,68,70,en,0.9955073971297197,"Http://xmlns.com/foaf/0.1/Person,Wikidata:Q729,Wikidata:Q5,Wikidata:Q215627,Wikidata:Q19088,DUL:NaturalPerson,Schema:Person,DBpedia:Species,DBpedia:Eukaryote,DBpedia:Animal,DBpedia:Person"
WorksandDays(Greek).Machinereadabletext,None_urn:cts:greekLit:tlg0020.tlg002.perseus-grc2,572,572.0_en,wine,wine,<https://opentheso.huma-num.fr/?idc=pcrt3mTg9h3RFE&idt=th310>,pcrt3mTg9h3RFE,http://dbpedia.org/resource/Wine,40,42,en,0.9988456701682793,"Wikidata:Q2095,DBpedia:Food,DBpedia:Beverage"
WorksandDays(Greek).Machinereadabletext,None_urn:cts:greekLit:tlg0020.tlg002.perseus-grc2,581,581.0_en,fortune teller,fortune_teller,, ,http://dbpedia.org/resource/Fortune-telling,50,52,en,0.9987150891915166,
WorksandDays(Greek).Machinereadabletext,None_urn:cts:greekLit:tlg0020.tlg002.perseus-grc2,582,582.0_it,eterni,eterni,, ,http://it.dbpedia.org/resource/Eterni_(Marvel_Comics),28,30,it,0.7175943513390514,"Wikidata:Q95074,Wikidata:Q24229398,DUL:Agent,DBpedia:Agent,DBpedia:FictionalCharacter"
WorksandDays(Greek).Machinereadabletext,None_urn:cts:greekLit:tlg0020.tlg002.perseus-grc2,585,585.0_en,Algea,Algea,, ,http://dbpedia.org/resource/Algos,46,48,en,0.9999993139769225,"Wikidata:Q24229398,Wikidata:Q178885,DUL:Agent,DBpedia:Agent,DBpedia:Deity"
WorksandDays(Greek).Machinereadabletext,None_urn:cts:greekLit:tlg0020.tlg002.perseus-grc2,587,587.0_it,cloro,cloro,, ,http://it.dbpedia.org/resource/Cloro,14,16,it,0.9999577618104064,
WorksandDays(Greek).Machinereadabletext,None_urn:cts:greekLit:tlg0020.tlg002.perseus-grc2,588,588.0_en,wine,wine,<https://opentheso.huma-num.fr/?idc=pcrt3mTg9h3RFE&idt=th310>,pcrt3mTg9h3RFE,http://dbpedia.org/resource/Wine,9,10,en,0.9990149113588812,"Wikidata:Q2095,DBpedia:Food,DBpedia:Beverage"
WorksandDays(Greek).Machinereadabletext,None_urn:cts:greekLit:tlg0020.tlg002.perseus-grc2,596,596.0_it,vento,vento,, ,http://it.dbpedia.org/resource/Vento,6,7,it,0.9940028609114083,
WorksandDays(Greek).Machinereadabletext,None_urn:cts:greekLit:tlg0020.tlg002.perseus-grc2,597,597.0_it,Dio,Dio,, ,http://it.dbpedia.org/resource/Dio,19,21,it,0.9968474456530277,
WorksandDays(Greek).Machinereadabletext,None_urn:cts:greekLit:tlg0020.tlg002.perseus-grc2,597,597.0_en,God,God,, ,http://dbpedia.org/resource/God,23,25,en,0.7540547448445849,
WorksandDays(Greek).Machinereadabletext,None_urn:cts:greekLit:tlg0020.tlg002.perseus-grc2,606,606.0_it,Zeus,Zeus,<https://opentheso.huma-num.fr/?idc=pcrtSgaLklRNDT&idt=th310>,pcrtSgaLklRNDT,http://it.dbpedia.org/resource/Zeus,41,43,it,0.9997891131343424,
WorksandDays(Greek).Machinereadabletext,None_urn:cts:greekLit:tlg0020.tlg002.perseus-grc2,606,606.0_en,Zeus,Zeus,<https://opentheso.huma-num.fr/?idc=pcrtSgaLklRNDT&idt=th310>,pcrtSgaLklRNDT,http://dbpedia.org/resource/Zeus,22,24,en,0.9997403313742894,"Wikidata:Q24229398,Wikidata:Q178885,DUL:Agent,DBpedia:Agent,DBpedia:Deity"
WorksandDays(Greek).Machinereadabletext,None_urn:cts:greekLit:tlg0020.tlg002.perseus-grc2,607,607.0_it,Apollo,Apollo,<https://opentheso.huma-num.fr/?idc=pcrtqVxjbmIO0s&idt=th310>,pcrtqVxjbmIO0s,http://it.dbpedia.org/resource/Apollo,28,30,it,0.9958971031689844,"Wikidata:Q95074,Wikidata:Q24229398,DUL:Agent,DBpedia:Agent,DBpedia:FictionalCharacter"
WorksandDays(Greek).Machinereadabletext,None_urn:cts:greekLit:tlg0020.tlg002.perseus-grc2,607,607.0_en,Apollo,Apollo,<https://opentheso.huma-num.fr/?idc=pcrtqVxjbmIO0s&idt=th310>,pcrtqVxjbmIO0s,http://dbpedia.org/resource/Apollo,10,12,en,0.9320920322214868,"Wikidata:Q24229398,Wikidata:Q178885,DUL:Agent,DBpedia:Agent,DBpedia:Deity"
WorksandDays(Greek).Machinereadabletext,None_urn:cts:greekLit:tlg0020.tlg002.perseus-grc2,607,607.1_en,Leto,Leto,<https://opentheso.huma-num.fr/?idc=pcrtDEPs1Xszll&idt=th310>,pcrtDEPs1Xszll,http://dbpedia.org/resource/Leto,35,37,en,0.9997976094987528,"Wikidata:Q24229398,Wikidata:Q178885,DUL:Agent,DBpedia:Agent,DBpedia:Deity"
WorksandDays(Greek).Machinereadabletext,None_urn:cts:greekLit:tlg0020.tlg002.perseus-grc2,612,612.0_it,thread,thread,, ,http://it.dbpedia.org/resource/Thread_(informatica),20,22,it,0.8683800844589153,
WorksandDays(Greek).Machinereadabletext,None_urn:cts:greekLit:tlg0020.tlg002.perseus-grc2,612,612.1_it,ragno,ragno,, ,http://it.dbpedia.org/resource/Araneae,52,54,it,0.9990687540818463,DBpedia:Species
WorksandDays(Greek).Machinereadabletext,None_urn:cts:greekLit:tlg0020.tlg002.perseus-grc2,613,613.0_en,soron,soron,, ,http://dbpedia.org/resource/Soron,37,39,en,0.917618196874969,"Wikidata:Q486972,Wikidata:Q3957,Schema:Place,DBpedia:Settlement,DBpedia:PopulatedPlace,DBpedia:Place,DBpedia:Location,DBpedia:Town"
WorksandDays(Greek).Machinereadabletext,None_urn:cts:greekLit:tlg0020.tlg002.perseus-grc2,617,617.0_it,androgino,androgino,, ,http://it.dbpedia.org/resource/Androgino,6,7,it,0.9908273067867953,
WorksandDays(Greek).Machinereadabletext,None_urn:cts:greekLit:tlg0020.tlg002.perseus-grc2,617,617.0_en,androgynous,androgynous,, ,http://dbpedia.org/resource/Androgyny,6,7,en,0.9997977463344825,
WorksandDays(Greek).Machinereadabletext,None_urn:cts:greekLit:tlg0020.tlg002.perseus-grc2,618,618.0_it,kourou,kourou,, ,http://it.dbpedia.org/resource/Kourou,43,45,it,0.9999995963923956,"Schema:Place,DBpedia:Place,DBpedia:Location,DBpedia:PopulatedPlace"
WorksandDays(Greek).Machinereadabletext,None_urn:cts:greekLit:tlg0020.tlg002.perseus-grc2,618,618.0_en,kourou,kourou,, ,http://dbpedia.org/resource/Kourou,34,36,en,0.9292314996941781,"Wikidata:Q486972,Schema:Place,DBpedia:PopulatedPlace,DBpedia:Place,DBpedia:Location,DBpedia:Settlement"
WorksandDays(Greek).Machinereadabletext,None_urn:cts:greekLit:tlg0020.tlg002.perseus-grc2,621,621.0_it,androgino,androgino,, ,http://it.dbpedia.org/resource/Androgino,16,18,it,0.975386778866172,
WorksandDays(Greek).Machinereadabletext,None_urn:cts:greekLit:tlg0020.tlg002.perseus-grc2,621,621.0_en,androgynous,androgynous,, ,http://dbpedia.org/resource/Androgyny,16,18,en,0.9979833311044561,
WorksandDays(Greek).Machinereadabletext,None_urn:cts:greekLit:tlg0020.tlg002.perseus-grc2,622,622.0_it,cinghiale,cinghiale,<https://opentheso.huma-num.fr/?idc=pcrtRmvjGjzyOO&idt=th310>,pcrtRmvjGjzyOO,http://it.dbpedia.org/resource/Sus_scrofa,24,26,it,0.9996542181292946,DBpedia:Species
WorksandDays(Greek).Machinereadabletext,None_urn:cts:greekLit:tlg0020.tlg002.perseus-grc2,622,622.1_it,cinghiale,cinghiale,<https://opentheso.huma-num.fr/?idc=pcrtRmvjGjzyOO&idt=th310>,pcrtRmvjGjzyOO,http://it.dbpedia.org/resource/Sus_scrofa,40,42,it,0.9996542181292946,DBpedia:Species
WorksandDays(Greek).Machinereadabletext,None_urn:cts:greekLit:tlg0020.tlg002.perseus-grc2,622,622.0_en,boar,boar,<https://opentheso.huma-num.fr/?idc=pcrtRmvjGjzyOO&idt=th310>,pcrtRmvjGjzyOO,http://dbpedia.org/resource/Wild_boar,30,32,en,0.9998646397026103,
WorksandDays(Greek).Machinereadabletext,None_urn:cts:greekLit:tlg0020.tlg002.perseus-grc2,622,622.1_en,wild boar,wild_boar,, ,http://dbpedia.org/resource/Wild_boar,43,45,en,0.9999893395229916,
WorksandDays(Greek).Machinereadabletext,None_urn:cts:greekLit:tlg0020.tlg002.perseus-grc2,626,626.0_it,elica,elica,, ,http://it.dbpedia.org/resource/Elica,39,41,it,0.999938934636903,
WorksandDays(Greek).Machinereadabletext,None_urn:cts:greekLit:tlg0020.tlg002.perseus-grc2,626,626.0_en,helix,helix,, ,http://dbpedia.org/resource/Helix,48,50,en,0.9634323996829544,
WorksandDays(Greek).Machinereadabletext,None_urn:cts:greekLit:tlg0020.tlg002.perseus-grc2,627,627.0_it,squalo,squalo,, ,http://it.dbpedia.org/resource/Selachimorpha,28,30,it,0.9995048344585317,DBpedia:Species
WorksandDays(Greek).Machinereadabletext,None_urn:cts:greekLit:tlg0020.tlg002.perseus-grc2,634,634.0_en,Demeter,Demeter,<https://opentheso.huma-num.fr/?idc=pcrtRtsryigJK4&idt=th310>,pcrtRtsryigJK4,http://dbpedia.org/resource/Demeter,19,21,en,0.9997081508729512,"Wikidata:Q24229398,Wikidata:Q178885,DUL:Agent,DBpedia:Agent,DBpedia:Deity"
WorksandDays(Greek).Machinereadabletext,None_urn:cts:greekLit:tlg0020.tlg002.perseus-grc2,638,638.0_it,messia,messia,, ,http://it.dbpedia.org/resource/Messia,17,19,it,0.9995263566930006,
WorksandDays(Greek).Machinereadabletext,None_urn:cts:greekLit:tlg0020.tlg002.perseus-grc2,638,638.0_en,messiah,messiah,, ,http://dbpedia.org/resource/Messiah,16,18,en,0.9397495295673716,
WorksandDays(Greek).Machinereadabletext,None_urn:cts:greekLit:tlg0020.tlg002.perseus-grc2,638,638.1_en,plague,plague,<https://opentheso.huma-num.fr/?idc=105620&idt=th310>,105620,http://dbpedia.org/resource/Bubonic_plague,43,45,en,0.7463582150451624,"Wikidata:Q12136,DBpedia:Disease"
WorksandDays(Greek).Machinereadabletext,None_urn:cts:greekLit:tlg0020.tlg002.perseus-grc2,640,640.0_it,Ti amo,Ti_amo,, ,"http://it.dbpedia.org/resource/Dimentica,_dimentica",6,7,it,0.9088319040138475,
WorksandDays(Greek).Machinereadabletext,None_urn:cts:greekLit:tlg0020.tlg002.perseus-grc2,642,642.0_it,collo,collo,<https://opentheso.huma-num.fr/?idc=105140&idt=th310>,105140,http://it.dbpedia.org/resource/Collo,47,49,it,0.9999960979919067,
WorksandDays(Greek).Machinereadabletext,None_urn:cts:greekLit:tlg0020.tlg002.perseus-grc2,644,644.0_it,ponton,ponton,, ,http://it.dbpedia.org/resource/Ponton_(automobile),35,37,it,0.9723018297813129,
WorksandDays(Greek).Machinereadabletext,None_urn:cts:greekLit:tlg0020.tlg002.perseus-grc2,646,646.0_en,messi,messi,, ,http://dbpedia.org/resource/Lionel_Messi,6,7,en,0.9999999899747252,"Http://xmlns.com/foaf/0.1/Person,Wikidata:Q937857,Wikidata:Q729,Wikidata:Q5,Wikidata:Q215627,Wikidata:Q19088,DUL:NaturalPerson,Schema:Person,DBpedia:Species,DBpedia:Person,DBpedia:Eukaryote,DBpedia:Athlete,DBpedia:Animal,DBpedia:SoccerPlayer"
WorksandDays(Greek).Machinereadabletext,None_urn:cts:greekLit:tlg0020.tlg002.perseus-grc2,651,651.0_en,olvios,olvios,, ,http://dbpedia.org/resource/Olvios,27,29,en,0.669467902590299,"Wikidata:Q47521,Wikidata:Q4022,Schema:RiverBodyOfWater,Schema:Place,Schema:BodyOfWater,DBpedia:Stream,DBpedia:Place,DBpedia:NaturalPlace,DBpedia:Location,DBpedia:BodyOfWater,DBpedia:River"
WorksandDays(Greek).Machinereadabletext,None_urn:cts:greekLit:tlg0020.tlg002.perseus-grc2,14,14.0_it,Nyx,Nyx,<https://opentheso.huma-num.fr/?idc=pcrtKzAS725Sqc&idt=th310>,pcrtKzAS725Sqc,https://www.wikidata.org/wiki/Q131203,43,46,it,0.6019,['per']
WorksandDays(Greek).Machinereadabletext,None_urn:cts:greekLit:tlg0020.tlg002.perseus-grc2,22,22.0_it,ira di Dio,ira_di_Dio,, ,https://www.wikidata.org/wiki/Q226765,36,46,it,0.7319,['misc']
WorksandDays(Greek).Machinereadabletext,None_urn:cts:greekLit:tlg0020.tlg002.perseus-grc2,27,27.0_it,Neikea,Neikea,, ,https://www.wikidata.org/wiki/Q3289828,18,24,it,0.872,['per']
WorksandDays(Greek).Machinereadabletext,None_urn:cts:greekLit:tlg0020.tlg002.perseus-grc2,27,27.0_en,Neikea,Neikea,, ,https://www.wikidata.org/wiki/Q3289828,21,27,en,0.9094,['org']
WorksandDays(Greek).Machinereadabletext,None_urn:cts:greekLit:tlg0020.tlg002.perseus-grc2,51,51.0_en,atar,atar,, ,https://www.wikidata.org/wiki/Q3272422,42,46,en,0.6661,['org']
WorksandDays(Greek).Machinereadabletext,None_urn:cts:greekLit:tlg0020.tlg002.perseus-grc2,51,51.1_en,Athens,Athens,<https://opentheso.huma-num.fr/?idc=108411&idt=th310>,108411,https://www.wikidata.org/wiki/Q1524,50,56,en,0.7276,['gpe']
WorksandDays(Greek).Machinereadabletext,None_urn:cts:greekLit:tlg0020.tlg002.perseus-grc2,65,65.0_en,Pandoran,Pandoran,, ,https://www.wikidata.org/wiki/Q2617247,6,14,en,0.656,['gpe']
WorksandDays(Greek).Machinereadabletext,None_urn:cts:greekLit:tlg0020.tlg002.perseus-grc2,65,65.1_en,Olympia,Olympia,, ,https://www.wikidata.org/wiki/Q38888,40,47,en,0.652,['product']
WorksandDays(Greek).Machinereadabletext,None_urn:cts:greekLit:tlg0020.tlg002.perseus-grc2,77,77.0_en,Elpis,Elpis,, ,https://www.wikidata.org/wiki/Q2633131,21,26,en,0.734,['gpe']
WorksandDays(Greek).Machinereadabletext,None_urn:cts:greekLit:tlg0020.tlg002.perseus-grc2,84,84.0_it,legge di Dio,legge_di_Dio,, ,https://www.wikidata.org/wiki/Q1559849,26,38,it,0.6253,['misc']
WorksandDays(Greek).Machinereadabletext,None_urn:cts:greekLit:tlg0020.tlg002.perseus-grc2,96,96.0_it,In silenzio,In_silenzio,, ,https://www.wikidata.org/wiki/Q3797390,6,17,it,0.6762,['misc']
WorksandDays(Greek).Machinereadabletext,None_urn:cts:greekLit:tlg0020.tlg002.perseus-grc2,157,157.0_en,Aedos,Aedos,, ,https://www.wikidata.org/wiki/Q404076,6,11,en,0.8268,['norp']
WorksandDays(Greek).Machinereadabletext,None_urn:cts:greekLit:tlg0020.tlg002.perseus-grc2,157,157.1_en,Nemesis,Nemesis,<https://opentheso.huma-num.fr/?idc=pcrtGYtuX6F7A0&idt=th310>,pcrtGYtuX6F7A0,https://www.wikidata.org/wiki/Q185747,16,23,en,0.8055,['gpe']
WorksandDays(Greek).Machinereadabletext,None_urn:cts:greekLit:tlg0020.tlg002.perseus-grc2,189,189.0_it,Zeus,Zeus,<https://opentheso.huma-num.fr/?idc=pcrtSgaLklRNDT&idt=th310>,pcrtSgaLklRNDT,https://www.wikidata.org/wiki/Q34201,33,37,it,0.7556,['per']
WorksandDays(Greek).Machinereadabletext,None_urn:cts:greekLit:tlg0020.tlg002.perseus-grc2,191,191.0_en,Kronia,Kronia,, ,https://www.wikidata.org/wiki/Q1431881,19,25,en,0.9131,['gpe']
WorksandDays(Greek).Machinereadabletext,None_urn:cts:greekLit:tlg0020.tlg002.perseus-grc2,345,345.0_en,forty years old,forty_years_old,, ,https://www.wikidata.org/wiki/Q5900452,23,38,en,0.6967,['date']
WorksandDays(Greek).Machinereadabletext,None_urn:cts:greekLit:tlg0020.tlg002.perseus-grc2,499,499.0_en,Persia,Persia,<https://opentheso.huma-num.fr/?idc=pcrtiz8ndVfKcX&idt=th310>,pcrtiz8ndVfKcX,https://www.wikidata.org/wiki/Q794,48,54,en,0.7274,['gpe']
WorksandDays(Greek).Machinereadabletext,None_urn:cts:greekLit:tlg0020.tlg002.perseus-grc2,501,501.0_it,Mar Nero,Mar_Nero,, ,https://www.wikidata.org/wiki/Q166,34,42,it,0.9875,['loc']
WorksandDays(Greek).Machinereadabletext,None_urn:cts:greekLit:tlg0020.tlg002.perseus-grc2,513,513.0_it,Achei,Achei,<https://opentheso.huma-num.fr/?idc=pcrtFEYiYAd0oX&idt=th310>,pcrtFEYiYAd0oX,https://www.wikidata.org/wiki/Q191962,52,57,it,0.7931,['loc']
WorksandDays(Greek).Machinereadabletext,None_urn:cts:greekLit:tlg0020.tlg002.perseus-grc2,585,585.0_it,Algea,Algea,, ,https://www.wikidata.org/wiki/Q3320210,52,57,it,0.757,['loc']
WorksandDays(Greek).Machinereadabletext,None_urn:cts:greekLit:tlg0020.tlg002.perseus-grc2,628,628.0_en,Tithes,Tithes,, ,https://www.wikidata.org/wiki/Q184664,32,38,en,0.6458,['person']
