title,div_book_id,index_paragraph,index_annotation,mention,mention_without_space,concept,start,end,annotation_lang,score,category
Acut.sp.,1,1,1.0_it,ileo biliare,ileo_biliare,http://it.dbpedia.org/resource/Ileo_biliare,115,118,it,1.0,
Acut.sp.,1,1,1.1_it,febbre,febbre,http://it.dbpedia.org/resource/Febbre,135,138,it,1.0,"Wikidata:Q12136,DBpedia:Disease"
Acut.sp.,1,1,1.0_en,heartburn,heartburn,http://dbpedia.org/resource/Heartburn,8,9,en,0.9983876613813972,"Wikidata:Q12136,DBpedia:Disease"
Acut.sp.,1,1,1.1_en,ileus,ileus,http://dbpedia.org/resource/Ileus,104,107,en,0.999999999986386,"Wikidata:Q12136,DBpedia:Disease"
Acut.sp.,1,1,1.2_en,fever,fever,http://dbpedia.org/resource/Fever,138,141,en,0.9999999999823785,"Wikidata:Q12136,DBpedia:Disease"
Acut.sp.,1,2,2.0_it,uccello,uccello,http://it.dbpedia.org/resource/Aves,25,27,it,0.9999993138982655,DBpedia:Species
Acut.sp.,1,2,2.0_en,bird,bird,http://dbpedia.org/resource/Bird,28,30,en,0.9999801220023237,
Acut.sp.,1,2,2.1_en,hot flushes,hot_flushes,http://dbpedia.org/resource/Hot_flash,125,128,en,0.9999999999907345,"Wikidata:Q12136,DBpedia:Disease"
Acut.sp.,1,3,3.0_it,sonnolenza,sonnolenza,http://it.dbpedia.org/resource/Sonnolenza,135,138,it,0.9956624074047931,
Acut.sp.,1,3,3.0_en,sleepiness,sleepiness,http://dbpedia.org/resource/Somnolence,138,141,en,0.9970091438590506,"Wikidata:Q12136,DBpedia:Disease"
Acut.sp.,1,4,4.0_it,parallasse,parallasse,http://it.dbpedia.org/resource/Parallasse,15,17,it,0.9999989853028272,
Acut.sp.,1,4,4.0_en,parallax,parallax,http://dbpedia.org/resource/Parallax,6,7,en,0.6847597273062752,
Acut.sp.,1,5,5.0_en,milk,milk,http://dbpedia.org/resource/Milk,201,204,en,0.9997123327194969,
Acut.sp.,1,7,7.0_en,abscess,abscess,http://dbpedia.org/resource/Abscess,142,145,en,0.9999999994027462,"Wikidata:Q12136,DBpedia:Disease"
Acut.sp.,1,10,10.0_it,urina,urina,http://it.dbpedia.org/resource/Urina,17,19,it,0.9999995389066566,
Acut.sp.,1,10,10.0_en,urine,urine,http://dbpedia.org/resource/Urine,14,16,en,0.998974651720515,
Acut.sp.,1,11,11.1_it,vagina,vagina,http://it.dbpedia.org/resource/Vagina,40,42,it,1.0,
Acut.sp.,1,11,11.2_it,collo,collo,http://it.dbpedia.org/resource/Collo,84,86,it,0.999999999744432,
Acut.sp.,1,11,11.3_it,vomito,vomito,http://it.dbpedia.org/resource/Vomito,119,122,it,0.9999999999990337,"Wikidata:Q12136,DBpedia:Disease"
Acut.sp.,1,11,11.4_it,vulva,vulva,http://it.dbpedia.org/resource/Vulva,171,174,it,0.9999999999996021,
Acut.sp.,1,11,11.0_en,vagina,vagina,http://dbpedia.org/resource/Vagina,49,51,en,0.999885987446157,"Wikidata:Q4936952,DBpedia:AnatomicalStructure"
Acut.sp.,1,11,11.1_en,abscess,abscess,http://dbpedia.org/resource/Abscess,63,65,en,0.9999998265064258,"Wikidata:Q12136,DBpedia:Disease"
Acut.sp.,1,11,11.2_en,vulva,vulva,http://dbpedia.org/resource/Vulva,177,180,en,0.9999937886496106,"Wikidata:Q4936952,DBpedia:AnatomicalStructure"
Acut.sp.,2,1,1.0_it,salasso,salasso,http://it.dbpedia.org/resource/Salasso,32,34,it,0.9988827979178001,
Acut.sp.,2,1,1.1_it,Roma,Roma,http://it.dbpedia.org/resource/Roma,104,107,it,0.9998162452854993,"Schema:Place,DBpedia:Place,DBpedia:Location,DBpedia:PopulatedPlace"
Acut.sp.,2,1,1.0_en,phlebotomy,phlebotomy,http://dbpedia.org/resource/Phlebotomy,30,32,en,0.9833524080970657,
Acut.sp.,2,1,1.1_en,urge,urge,http://dbpedia.org/resource/HMS_Urge,49,51,en,0.9750687057234175,"Wikidata:Q11446,Schema:Product,DBpedia:MeanOfTransportation,DBpedia:Ship"
Acut.sp.,2,1,1.2_en,Rome,Rome,http://dbpedia.org/resource/Rome,110,113,en,0.9868919181213144,"Wikidata:Q515,Wikidata:Q486972,Schema:Place,Schema:City,DBpedia:Settlement,DBpedia:PopulatedPlace,DBpedia:Place,DBpedia:Location,DBpedia:City"
Acut.sp.,2,2,2.0_it,clistere,clistere,http://it.dbpedia.org/resource/Clistere,156,159,it,0.9999999998308908,
Acut.sp.,2,2,2.0_en,enema,enema,http://dbpedia.org/resource/Enema,136,139,en,1.0,
Acut.sp.,2,2,2.1_en,famine,famine,http://dbpedia.org/resource/Famine,230,233,en,0.9296620757301989,
Acut.sp.,3,1,1.0_it,milza,milza,http://it.dbpedia.org/resource/Milza,248,251,it,0.9999999883499414,
Acut.sp.,3,1,1.1_it,salasso,salasso,http://it.dbpedia.org/resource/Salasso,408,411,it,0.9999999377606646,
Acut.sp.,3,1,1.2_it,clistere,clistere,http://it.dbpedia.org/resource/Clistere,461,464,it,1.0,
Acut.sp.,3,1,1.0_en,hypochondria,hypochondria,http://dbpedia.org/resource/Hypochondriasis,15,17,en,1.0,"Wikidata:Q12136,DBpedia:Disease"
Acut.sp.,3,1,1.1_en,liver,liver,http://dbpedia.org/resource/Liver,191,194,en,0.9999748693952166,"Wikidata:Q4936952,DBpedia:AnatomicalStructure"
Acut.sp.,3,1,1.2_en,spleen,spleen,http://dbpedia.org/resource/Spleen,222,225,en,0.999278632269051,"Wikidata:Q4936952,DBpedia:AnatomicalStructure"
Acut.sp.,3,1,1.3_en,phlebotomy,phlebotomy,http://dbpedia.org/resource/Bloodletting,378,381,en,0.9849276718191242,
Acut.sp.,3,1,1.4_en,enema,enema,http://dbpedia.org/resource/Enema,439,442,en,1.0,
Acut.sp.,3,2,2.0_it,salasso,salasso,http://it.dbpedia.org/resource/Salasso,95,97,it,0.9999654193390373,
Acut.sp.,3,2,2.0_en,pharmacy,pharmacy,http://dbpedia.org/resource/Pharmacy,42,44,en,0.9774370552902446,
Acut.sp.,3,2,2.1_en,phlebotomy,phlebotomy,http://dbpedia.org/resource/Venipuncture,94,96,en,0.9130866621126146,
Acut.sp.,3,3,3.0_en,pharmacy,pharmacy,http://dbpedia.org/resource/Pharmacy,90,92,en,0.9934015963607542,
Acut.sp.,4,1,1.0_it,ablazione,ablazione,http://it.dbpedia.org/resource/Ablazione,36,38,it,0.9933110161325932,
Acut.sp.,4,1,1.0_en,ablation,ablation,http://dbpedia.org/resource/Ablation,52,54,en,0.9949734010652589,
Acut.sp.,4,2,2.0_it,prefazio,prefazio,http://it.dbpedia.org/resource/Prefazio,56,58,it,0.9999997015075214,
Acut.sp.,5,1,1.0_it,bile,bile,http://it.dbpedia.org/resource/Bile,39,41,it,0.9735623789376424,
Acut.sp.,5,1,1.0_en,bile,bile,http://dbpedia.org/resource/Bile,44,46,en,0.9988599004627552,
Acut.sp.,5,2,2.0_it,prurito,prurito,http://it.dbpedia.org/resource/Prurito,48,50,it,1.0,"Wikidata:Q12136,DBpedia:Disease"
Acut.sp.,5,2,2.1_it,afonia,afonia,http://it.dbpedia.org/resource/Afonia,290,293,it,0.999999999981469,"Wikidata:Q12136,DBpedia:Disease"
Acut.sp.,5,2,2.2_it,fegato,fegato,http://it.dbpedia.org/resource/Fegato,359,362,it,0.9999999965037887,
Acut.sp.,5,2,2.0_en,aphonia,aphonia,http://dbpedia.org/resource/Aphonia,301,304,en,1.0,"Wikidata:Q12136,DBpedia:Disease"
Acut.sp.,5,2,2.1_en,liver,liver,http://dbpedia.org/resource/Liver,384,387,en,0.9864601069505959,"Wikidata:Q4936952,DBpedia:AnatomicalStructure"
Acut.sp.,5,2,2.2_en,paraplegic,paraplegic,http://dbpedia.org/resource/Paraplegia,438,441,en,1.0,"Wikidata:Q12136,DBpedia:Disease"
Acut.sp.,5,4,4.0_it,meteore,meteore,http://it.dbpedia.org/resource/Meteora,67,69,it,0.9940927479983,
Acut.sp.,5,4,4.1_it,clistere,clistere,http://it.dbpedia.org/resource/Clistere,243,246,it,0.9999999999478177,
Acut.sp.,5,4,4.2_it,cotiledoni,cotiledoni,http://it.dbpedia.org/resource/Cotiledone,308,311,it,0.9999999343845637,
Acut.sp.,5,4,4.0_en,enema,enema,http://dbpedia.org/resource/Enema,271,274,en,1.0,
Acut.sp.,5,4,4.1_en,milk,milk,http://dbpedia.org/resource/Milk,284,287,en,0.9947652698436743,
Acut.sp.,6,1,1.0_it,reumatismi,reumatismi,http://it.dbpedia.org/resource/Reumatismo,49,51,it,0.9987719067998524,
Acut.sp.,6,1,1.1_it,vena giugulare,vena_giugulare,http://it.dbpedia.org/resource/Vena_giugulare,128,131,it,0.9999999999958789,
Acut.sp.,6,1,1.2_it,reumatismi,reumatismi,http://it.dbpedia.org/resource/Reumatismo,147,150,it,0.9987719067998524,
Acut.sp.,6,1,1.0_en,rheumatism,rheumatism,http://dbpedia.org/resource/Rheumatism,58,60,en,0.9999999945526952,"Wikidata:Q12136,DBpedia:Disease"
Acut.sp.,6,1,1.1_en,jugular vein,jugular_vein,http://dbpedia.org/resource/Jugular_vein,121,124,en,1.0,"Wikidata:Q9609,Wikidata:Q4936952,DBpedia:AnatomicalStructure,DBpedia:Vein"
Acut.sp.,6,1,1.2_en,rheumatism,rheumatism,http://dbpedia.org/resource/Rheumatism,155,158,en,0.9999999945526952,"Wikidata:Q12136,DBpedia:Disease"
Acut.sp.,6,3,3.0_en,vine,vine,http://dbpedia.org/resource/Vine,183,186,en,0.9764416285893869,
Acut.sp.,6,5,5.0_it,bianco,bianco,http://it.dbpedia.org/resource/Bianco,184,187,it,0.994545104287623,
Acut.sp.,6,6,6.0_it,salasso,salasso,http://it.dbpedia.org/resource/Salasso,6,7,it,0.999999944489163,
Acut.sp.,6,6,6.1_it,collo,collo,http://it.dbpedia.org/resource/Collo,150,153,it,0.9999998087109999,
Acut.sp.,6,6,6.2_it,miele,miele,http://it.dbpedia.org/resource/Miele,277,280,it,0.999999999992724,
Acut.sp.,6,6,6.0_en,phlebotomy,phlebotomy,http://dbpedia.org/resource/Venipuncture,6,7,en,0.9382089997163576,
Acut.sp.,6,6,6.1_en,sublingual vein,sublingual_vein,http://dbpedia.org/resource/Sublingual_vein,49,51,en,0.9999998144545147,"Wikidata:Q9609,Wikidata:Q4936952,DBpedia:AnatomicalStructure,DBpedia:Vein"
Acut.sp.,6,6,6.2_en,honey,honey,http://dbpedia.org/resource/Honey,256,259,en,0.999999979336508,
Acut.sp.,6,7,7.0_it,porridge,porridge,http://it.dbpedia.org/resource/Porridge,21,23,it,0.9983415640260871,
Acut.sp.,6,7,7.0_en,porridge,porridge,http://dbpedia.org/resource/Porridge,23,25,en,0.9979059855992218,"Wikidata:Q2095,DBpedia:Food"
Acut.sp.,6,8,8.0_it,ortopnea,ortopnea,http://it.dbpedia.org/resource/Ortopnea,169,172,it,0.9999999615779992,
Acut.sp.,6,8,8.1_it,collo,collo,http://it.dbpedia.org/resource/Collo,280,283,it,0.9999999421719411,
Acut.sp.,6,8,8.2_it,tetano,tetano,http://it.dbpedia.org/resource/Tetano,304,307,it,0.9987139974802606,"Wikidata:Q12136,DBpedia:Disease"
Acut.sp.,6,8,8.0_en,orthopnea,orthopnea,http://dbpedia.org/resource/Orthopnea,179,182,en,0.9999999969553528,"Wikidata:Q12136,DBpedia:Disease"
Acut.sp.,6,8,8.1_en,tetanus,tetanus,http://dbpedia.org/resource/Tetanus,325,328,en,0.9997834560488535,"Wikidata:Q12136,DBpedia:Disease"
Acut.sp.,6,10,10.0_en,artery,artery,http://dbpedia.org/resource/Artery,27,29,en,0.9988804998670987,"Wikidata:Q4936952,DBpedia:AnatomicalStructure"
Acut.sp.,6,10,10.1_en,lung,lung,http://dbpedia.org/resource/Lung,50,52,en,0.9964085733103633,"Wikidata:Q4936952,DBpedia:AnatomicalStructure"
Acut.sp.,6,11,11.0_it,collo,collo,http://it.dbpedia.org/resource/Collo,43,45,it,0.9999966772283879,
Acut.sp.,7,1,1.0_it,febbre,febbre,http://it.dbpedia.org/resource/Febbre,22,24,it,0.999999904991559,"Wikidata:Q12136,DBpedia:Disease"
Acut.sp.,7,1,1.0_en,fever,fever,http://dbpedia.org/resource/Fever,19,21,en,0.9999387806407145,"Wikidata:Q12136,DBpedia:Disease"
Acut.sp.,7,2,2.0_it,clistere,clistere,http://it.dbpedia.org/resource/Clistere,194,197,it,0.9999999995945927,
Acut.sp.,7,2,2.1_it,pesci,pesci,http://it.dbpedia.org/resource/Pesce,280,283,it,0.9999978231663637,DBpedia:Species
Acut.sp.,7,2,2.2_it,miele,miele,http://it.dbpedia.org/resource/Miele,335,338,it,1.0,
Acut.sp.,7,2,2.0_en,enema,enema,http://dbpedia.org/resource/Enema,203,206,en,1.0,
Acut.sp.,7,2,2.1_en,medicine,medicine,http://dbpedia.org/resource/Traditional_Chinese_medicine,226,229,en,0.9946607256787067,
Acut.sp.,7,2,2.2_en,honey,honey,http://dbpedia.org/resource/Honey,349,352,en,0.9999999968444513,
Acut.sp.,7,3,3.0_it,balan,balan,http://it.dbpedia.org/resource/Sir_Balan,53,55,it,0.9999956031710466,
Acut.sp.,7,3,3.1_it,clistere,clistere,http://it.dbpedia.org/resource/Clistere,68,70,it,0.9999999966377118,
Acut.sp.,7,3,3.2_it,miele,miele,http://it.dbpedia.org/resource/Miele,95,97,it,0.9999999940378643,
Acut.sp.,7,3,3.3_it,addome,addome,http://it.dbpedia.org/resource/Addome,130,133,it,0.9980962035212161,
Acut.sp.,7,3,3.4_it,clistere,clistere,http://it.dbpedia.org/resource/Clistere,150,153,it,0.9999999966377118,
Acut.sp.,7,3,3.0_en,enema,enema,http://dbpedia.org/resource/Enema,64,66,en,0.9999999992023447,
Acut.sp.,7,3,3.1_en,honey,honey,http://dbpedia.org/resource/Honey,88,90,en,0.9999994535486466,
Acut.sp.,7,3,3.2_en,enema,enema,http://dbpedia.org/resource/Enema,146,149,en,0.9999999992023447,
Acut.sp.,7,4,4.0_it,medicare,medicare,http://it.dbpedia.org/resource/Medicare,72,74,it,0.999988956885471,
Acut.sp.,7,4,4.0_en,medicine,medicine,http://dbpedia.org/resource/Medicine,52,54,en,0.9972250298439888,"Wikidata:Q930752,DBpedia:MedicalSpecialty"
Acut.sp.,7,6,6.0_it,febbre,febbre,http://it.dbpedia.org/resource/Febbre,110,113,it,0.9999999975283629,"Wikidata:Q12136,DBpedia:Disease"
Acut.sp.,7,8,8.0_it,febbre,febbre,http://it.dbpedia.org/resource/Febbre,69,71,it,0.9999999964365429,"Wikidata:Q12136,DBpedia:Disease"
Acut.sp.,7,8,8.0_en,fever,fever,http://dbpedia.org/resource/Fever,62,64,en,0.9999870471228743,"Wikidata:Q12136,DBpedia:Disease"
Acut.sp.,7,9,9.0_it,febbre,febbre,http://it.dbpedia.org/resource/Febbre,19,21,it,0.9999999789300491,"Wikidata:Q12136,DBpedia:Disease"
Acut.sp.,7,9,9.0_en,fever,fever,http://dbpedia.org/resource/Fever,19,21,en,0.9999670768581886,"Wikidata:Q12136,DBpedia:Disease"
Acut.sp.,7,10,10.0_it,torico,torico,http://it.dbpedia.org/resource/Torico,258,261,it,0.99999991209916,
Acut.sp.,7,11,11.0_en,fat,fat,http://dbpedia.org/resource/Fat,96,98,en,0.813463161455962,
Acut.sp.,7,12,12.0_it,rende,rende,http://it.dbpedia.org/resource/Rende,251,254,it,0.9898369887106759,"Schema:Place,DBpedia:Place,DBpedia:Location,DBpedia:PopulatedPlace"
Acut.sp.,7,12,12.0_en,astringent,astringent,http://dbpedia.org/resource/Astringent,375,378,en,0.999999999746592,
Acut.sp.,7,13,13.0_it,febbre,febbre,http://it.dbpedia.org/resource/Febbre,150,153,it,0.9999999598874759,"Wikidata:Q12136,DBpedia:Disease"
Acut.sp.,7,13,13.0_en,fever,fever,http://dbpedia.org/resource/Fever,144,147,en,0.9999068542770287,"Wikidata:Q12136,DBpedia:Disease"
Acut.sp.,7,15,15.0_it,medicare,medicare,http://it.dbpedia.org/resource/Medicare,77,79,it,0.9999925545365393,
Acut.sp.,7,15,15.1_it,clistere,clistere,http://it.dbpedia.org/resource/Clistere,338,341,it,0.999999999993122,
Acut.sp.,7,15,15.0_en,anointing,anointing,http://dbpedia.org/resource/Anointing,199,202,en,0.9453240482845238,
Acut.sp.,7,15,15.1_en,enema,enema,http://dbpedia.org/resource/Enema,353,356,en,1.0,
Acut.sp.,7,16,16.0_it,avrai,avrai,http://it.dbpedia.org/resource/Avrai_(versione_strumentale),60,62,it,0.9643872337055026,
Acut.sp.,7,16,16.1_it,avrai,avrai,http://it.dbpedia.org/resource/Avrai_(versione_strumentale),75,77,it,0.9643872337055026,
Acut.sp.,7,16,16.2_it,febbre,febbre,http://it.dbpedia.org/resource/Febbre,91,93,it,0.9999998487892129,"Wikidata:Q12136,DBpedia:Disease"
Acut.sp.,7,16,16.0_en,fever,fever,http://dbpedia.org/resource/Fever,112,115,en,0.9999849468787081,"Wikidata:Q12136,DBpedia:Disease"
Acut.sp.,7,17,17.0_en,rosaries,rosaries,http://dbpedia.org/resource/Rosary,209,212,en,1.0,
Acut.sp.,7,19,19.0_it,collo,collo,http://it.dbpedia.org/resource/Collo,83,85,it,0.9999999967747613,
Acut.sp.,7,19,19.0_en,hypochondria,hypochondria,http://dbpedia.org/resource/Hypochondriasis,249,252,en,0.9999999999996589,"Wikidata:Q12136,DBpedia:Disease"
Acut.sp.,7,20,20.0_it,lanciano,lanciano,http://it.dbpedia.org/resource/Lanciano,115,118,it,0.9971440756203954,"Schema:Place,DBpedia:Place,DBpedia:Location,DBpedia:PopulatedPlace"
Acut.sp.,7,20,20.0_en,mattress,mattress,http://dbpedia.org/resource/Mattress,63,65,en,0.9999999999957367,
Acut.sp.,7,20,20.1_en,hook,hook,http://dbpedia.org/resource/Fish_hook,119,122,en,0.9170989543484814,
Acut.sp.,7,21,21.0_it,ipocondrio,ipocondrio,http://it.dbpedia.org/resource/Ipocondrio,14,16,it,0.9999993691857298,
Acut.sp.,7,21,21.1_it,sperma,sperma,http://it.dbpedia.org/resource/Sperma,45,47,it,0.9998317719302672,
Acut.sp.,7,21,21.2_it,grossolano,grossolano,http://it.dbpedia.org/resource/Pietro_Grossolano,115,118,it,0.9999996389033553,"Http://xmlns.com/foaf/0.1/Person,Wikidata:Q729,Wikidata:Q5,Wikidata:Q215627,Wikidata:Q19088,DUL:NaturalPerson,Schema:Person,DBpedia:Species,DBpedia:Person,DBpedia:Eukaryote,DBpedia:Cleric,DBpedia:Animal,DBpedia:ChristianBishop"
Acut.sp.,7,21,21.0_en,hypochondrium,hypochondrium,http://dbpedia.org/resource/Hypochondrium,17,19,en,0.9999999085477256,"Wikidata:Q4936952,DBpedia:AnatomicalStructure"
Acut.sp.,7,21,21.1_en,flax,flax,http://dbpedia.org/resource/Flax,34,36,en,0.9997467997421263,
Acut.sp.,7,21,21.2_en,sperm,sperm,http://dbpedia.org/resource/Sperm,44,46,en,0.9565700833487939,
Acut.sp.,7,22,22.0_it,cambiano,cambiano,http://it.dbpedia.org/resource/Cambiano,208,211,it,0.9951446615660793,"Schema:Place,DBpedia:Place,DBpedia:Location,DBpedia:PopulatedPlace"
Acut.sp.,9,2,2.0_it,numero pari,numero_pari,http://it.dbpedia.org/resource/Numeri_pari_e_dispari,118,121,it,0.9999999999996021,
Acut.sp.,9,5,5.0_it,ipocondrio,ipocondrio,http://it.dbpedia.org/resource/Ipocondrio,85,87,it,1.0,
Acut.sp.,9,5,5.1_it,ipocondrio,ipocondrio,http://it.dbpedia.org/resource/Ipocondrio,131,134,it,1.0,
Acut.sp.,9,5,5.2_it,scoliosi,scoliosi,http://it.dbpedia.org/resource/Scoliosi,177,180,it,0.9999999999999432,"Wikidata:Q12136,DBpedia:Disease"
Acut.sp.,9,5,5.3_it,tosse,tosse,http://it.dbpedia.org/resource/Tosse,241,244,it,0.9999999999999432,
Acut.sp.,9,5,5.4_it,ipocondria,ipocondria,http://it.dbpedia.org/resource/Ipocondria,280,283,it,0.999999999799229,"Wikidata:Q12136,DBpedia:Disease"
Acut.sp.,9,5,5.5_it,clistere,clistere,http://it.dbpedia.org/resource/Clistere,312,315,it,0.9999999999837428,
Acut.sp.,9,5,5.6_it,miele,miele,http://it.dbpedia.org/resource/Miele,347,350,it,0.9999999999999432,
Acut.sp.,9,5,5.1_en,hypochondrium,hypochondrium,http://dbpedia.org/resource/Hypochondrium,92,94,en,1.0,"Wikidata:Q4936952,DBpedia:AnatomicalStructure"
Acut.sp.,9,5,5.2_en,hypochondrium,hypochondrium,http://dbpedia.org/resource/Hypochondrium,132,135,en,1.0,"Wikidata:Q4936952,DBpedia:AnatomicalStructure"
Acut.sp.,9,5,5.3_en,scoliosis,scoliosis,http://dbpedia.org/resource/Scoliosis,187,190,en,1.0,"Wikidata:Q12136,DBpedia:Disease"
Acut.sp.,9,5,5.4_en,sore throat,sore_throat,http://dbpedia.org/resource/Sore_throat,238,241,en,0.999992202131572,"Wikidata:Q12136,DBpedia:Disease"
Acut.sp.,9,5,5.5_en,colic,colic,http://dbpedia.org/resource/Colic,266,269,en,0.999999727186358,"Wikidata:Q12136,DBpedia:Disease"
Acut.sp.,9,5,5.6_en,hypochondria,hypochondria,http://dbpedia.org/resource/Hypochondriasis,296,299,en,1.0,"Wikidata:Q12136,DBpedia:Disease"
Acut.sp.,9,5,5.7_en,enema,enema,http://dbpedia.org/resource/Enema,347,350,en,1.0,
Acut.sp.,9,5,5.8_en,honey,honey,http://dbpedia.org/resource/Honey,366,369,en,0.9999999999204192,
Acut.sp.,9,6,6.0_it,risurrezione,risurrezione,http://it.dbpedia.org/resource/Risurrezione,39,41,it,0.9998223700256281,
Acut.sp.,9,6,6.1_it,febbre,febbre,http://it.dbpedia.org/resource/Febbre,228,231,it,0.9999999986790726,"Wikidata:Q12136,DBpedia:Disease"
Acut.sp.,9,6,6.0_en,resurrection,resurrection,http://dbpedia.org/resource/Resurrection,43,45,en,0.8618729171412872,
Acut.sp.,9,6,6.1_en,fever,fever,http://dbpedia.org/resource/Fever,231,234,en,0.9999870685838578,"Wikidata:Q12136,DBpedia:Disease"
Acut.sp.,9,8,8.0_it,peste,peste,http://it.dbpedia.org/resource/Peste,156,159,it,0.9965030279176115,"Wikidata:Q12136,DBpedia:Disease"
Acut.sp.,9,8,8.0_en,plague,plague,http://dbpedia.org/resource/Plagues_of_Egypt,153,156,en,0.6684357932133118,
Acut.sp.,9,8,8.1_en,insanity,insanity,http://dbpedia.org/resource/Insanity,324,327,en,0.6231064834869673,
Acut.sp.,9,10,10.0_it,uccello,uccello,http://it.dbpedia.org/resource/Aves,188,191,it,0.9999988315370848,DBpedia:Species
Acut.sp.,9,10,10.0_en,bird,bird,http://dbpedia.org/resource/Bird,169,172,en,0.9962837726290239,
Acut.sp.,9,10,10.1_en,sphincter,sphincter,http://dbpedia.org/resource/Sphincter,194,197,en,0.9999999999998579,"Wikidata:Q7365,Wikidata:Q4936952,DBpedia:AnatomicalStructure,DBpedia:Muscle"
Acut.sp.,9,10,10.2_en,convulsion,convulsion,http://dbpedia.org/resource/Convulsion,230,233,en,0.9999999999999716,"Wikidata:Q12136,DBpedia:Disease"
Acut.sp.,10,1,1.0_it,febbre,febbre,http://it.dbpedia.org/resource/Febbre,18,20,it,0.9999999999940314,"Wikidata:Q12136,DBpedia:Disease"
Acut.sp.,10,1,1.1_it,febbre,febbre,http://it.dbpedia.org/resource/Febbre,113,116,it,0.9999999999940314,"Wikidata:Q12136,DBpedia:Disease"
Acut.sp.,10,1,1.0_en,fever,fever,http://dbpedia.org/resource/Fever,25,27,en,0.9998995793113755,"Wikidata:Q12136,DBpedia:Disease"
Acut.sp.,10,1,1.1_en,fever,fever,http://dbpedia.org/resource/Fever,114,117,en,0.9998995793113755,"Wikidata:Q12136,DBpedia:Disease"
Acut.sp.,10,3,3.0_it,febbre,febbre,http://it.dbpedia.org/resource/Febbre,25,27,it,1.0,"Wikidata:Q12136,DBpedia:Disease"
Acut.sp.,10,3,3.0_en,fever,fever,http://dbpedia.org/resource/Fever,41,43,en,0.9998862842930525,"Wikidata:Q12136,DBpedia:Disease"
Acut.sp.,10,4,4.0_it,febbre,febbre,http://it.dbpedia.org/resource/Febbre,30,32,it,0.9999999995267785,"Wikidata:Q12136,DBpedia:Disease"
Acut.sp.,10,4,4.1_it,febbre,febbre,http://it.dbpedia.org/resource/Febbre,119,122,it,0.9999999995267785,"Wikidata:Q12136,DBpedia:Disease"
Acut.sp.,10,4,4.2_it,faringe,faringe,http://it.dbpedia.org/resource/Faringe,170,173,it,0.9999999984181329,
Acut.sp.,10,4,4.3_it,faringe,faringe,http://it.dbpedia.org/resource/Faringe,208,211,it,0.9999999984181329,
Acut.sp.,10,4,4.0_en,fever,fever,http://dbpedia.org/resource/Fever,28,30,en,0.9998542878916199,"Wikidata:Q12136,DBpedia:Disease"
Acut.sp.,10,4,4.1_en,fever,fever,http://dbpedia.org/resource/Fever,114,117,en,0.9998542878916199,"Wikidata:Q12136,DBpedia:Disease"
Acut.sp.,10,4,4.2_en,pharynx,pharynx,http://dbpedia.org/resource/Pharynx,151,154,en,0.9999757658177083,"Wikidata:Q4936952,DBpedia:AnatomicalStructure"
Acut.sp.,10,4,4.3_en,pharynx,pharynx,http://dbpedia.org/resource/Pharynx,187,190,en,0.9999757658177083,"Wikidata:Q4936952,DBpedia:AnatomicalStructure"
Acut.sp.,10,5,5.0_it,collo,collo,http://it.dbpedia.org/resource/Collo,315,318,it,0.9999999999998863,
Acut.sp.,10,5,5.1_it,eritema,eritema,http://it.dbpedia.org/resource/Eritema,520,523,it,1.0,"Wikidata:Q12136,DBpedia:Disease"
Acut.sp.,10,5,5.2_it,infiammazione,infiammazione,http://it.dbpedia.org/resource/Infiammazione,581,584,it,1.0,
Acut.sp.,10,5,5.1_en,spasm,spasm,http://dbpedia.org/resource/Spasm,488,491,en,1.0,"Wikidata:Q12136,DBpedia:Disease"
Acut.sp.,10,5,5.2_en,Erythema,Erythema,http://dbpedia.org/resource/Erythema,560,563,en,1.0,"Wikidata:Q12136,DBpedia:Disease"
Acut.sp.,10,5,5.3_en,eyelid,eyelid,http://dbpedia.org/resource/Eyelid,587,590,en,1.0,
Acut.sp.,10,5,5.4_en,inflammation,inflammation,http://dbpedia.org/resource/Inflammation,643,646,en,0.9997298869464474,"Wikidata:Q12136,DBpedia:Disease"
Acut.sp.,10,6,6.0_en,insanity,insanity,http://dbpedia.org/resource/Insanity,56,58,en,0.9608918075592536,
Acut.sp.,10,6,6.1_en,insanity,insanity,http://dbpedia.org/resource/Insanity,111,114,en,0.9608918075592536,
Acut.sp.,10,7,7.0_it,numero pari,numero_pari,http://it.dbpedia.org/resource/Numeri_pari_e_dispari,57,59,it,0.9999999996971951,
Acut.sp.,10,8,8.0_en,choledocholithiasis,choledocholithiasis,http://dbpedia.org/resource/Common_bile_duct_stone,183,186,en,0.9999998638793478,"Wikidata:Q12136,DBpedia:Disease"
Acut.sp.,10,8,8.1_en,pomas,pomas,http://dbpedia.org/resource/Pomas,266,269,en,0.9999990223097034,"Wikidata:Q486972,Schema:Place,DBpedia:PopulatedPlace,DBpedia:Place,DBpedia:Location,DBpedia:Settlement"
Acut.sp.,10,11,11.0_it,bile,bile,http://it.dbpedia.org/resource/Bile,29,31,it,0.9998535513403837,
Acut.sp.,10,11,11.0_en,bile,bile,http://dbpedia.org/resource/Bile,44,46,en,0.9995938484227834,
Acut.sp.,10,12,12.0_it,urina,urina,http://it.dbpedia.org/resource/Urina,140,143,it,0.9999999999967599,
Acut.sp.,10,12,12.0_en,urine,urine,http://dbpedia.org/resource/Urine,148,151,en,0.9994124434071181,
Acut.sp.,10,12,12.1_en,convulsion,convulsion,http://dbpedia.org/resource/Convulsion,264,267,en,1.0,"Wikidata:Q12136,DBpedia:Disease"
Acut.sp.,10,13,13.0_it,apostasia,apostasia,http://it.dbpedia.org/resource/Apostasia,68,70,it,0.999390221511092,
Acut.sp.,10,13,13.1_it,ipocondrio,ipocondrio,http://it.dbpedia.org/resource/Ipocondrio,97,99,it,0.9999996854648072,
Acut.sp.,10,13,13.0_en,apostasy,apostasy,http://dbpedia.org/resource/Apostasy,57,59,en,0.6639285924222321,
Acut.sp.,10,13,13.1_en,hypochondrium,hypochondrium,http://dbpedia.org/resource/Hypochondrium,79,81,en,0.9999999085477256,"Wikidata:Q4936952,DBpedia:AnatomicalStructure"
Acut.sp.,10,15,15.0_it,febbre,febbre,http://it.dbpedia.org/resource/Febbre,13,15,it,0.9999995311134418,"Wikidata:Q12136,DBpedia:Disease"
Acut.sp.,10,15,15.1_it,silfide,silfide,http://it.dbpedia.org/resource/Silfide_(mitologia),38,40,it,0.9756798982689743,
Acut.sp.,10,15,15.2_it,miele,miele,http://it.dbpedia.org/resource/Miele,92,94,it,0.9999999992713242,
Acut.sp.,10,15,15.3_it,cumino,cumino,http://it.dbpedia.org/resource/Cuminum_cyminum,103,106,it,0.9997725239790248,DBpedia:Species
Acut.sp.,10,15,15.0_en,fever,fever,http://dbpedia.org/resource/Fever,10,12,en,0.9999622990496985,"Wikidata:Q12136,DBpedia:Disease"
Acut.sp.,10,15,15.1_en,sylph,sylph,http://dbpedia.org/resource/Sylph,26,28,en,0.9999999999999716,
Acut.sp.,10,15,15.2_en,honey,honey,http://dbpedia.org/resource/Honey,87,89,en,0.9999999993926281,
Acut.sp.,10,15,15.3_en,ecliptic,ecliptic,http://dbpedia.org/resource/Ecliptic,98,100,en,0.9888271067050505,
Acut.sp.,10,15,15.4_en,cumin,cumin,http://dbpedia.org/resource/Cumin,107,110,en,1.0,
Acut.sp.,10,16,16.0_it,mirra,mirra,http://it.dbpedia.org/resource/Mirra,203,206,it,0.9999999980941539,
Acut.sp.,10,16,16.1_it,miele,miele,http://it.dbpedia.org/resource/Miele,231,234,it,0.9999999999982947,
Acut.sp.,10,16,16.2_it,acido,acido,http://it.dbpedia.org/resource/Acido,237,240,it,0.97885813115603,
Acut.sp.,10,16,16.0_en,bone,bone,http://dbpedia.org/resource/Bone,191,194,en,0.9955634552414021,"Wikidata:Q4936952,DBpedia:AnatomicalStructure"
Acut.sp.,10,16,16.1_en,myrrh,myrrh,http://dbpedia.org/resource/Myrrh,200,203,en,1.0,
Acut.sp.,10,16,16.2_en,honey,honey,http://dbpedia.org/resource/Honey,244,247,en,0.9999999226328699,
Acut.sp.,10,16,16.3_en,barley water,barley_water,http://dbpedia.org/resource/Barley_water,302,305,en,0.9999999999998863,"Wikidata:Q2095,DBpedia:Food,DBpedia:Beverage"
Acut.sp.,11,1,1.0_it,febbre,febbre,http://it.dbpedia.org/resource/Febbre,74,76,it,0.9999999786107028,"Wikidata:Q12136,DBpedia:Disease"
Acut.sp.,11,1,1.0_en,pleuritic,pleuritic,http://dbpedia.org/resource/Pleurisy,30,32,en,1.0,"Wikidata:Q12136,DBpedia:Disease"
Acut.sp.,11,1,1.1_en,fever,fever,http://dbpedia.org/resource/Fever,72,74,en,0.9999999090046329,"Wikidata:Q12136,DBpedia:Disease"
Acut.sp.,11,2,2.0_it,pus,pus,http://it.dbpedia.org/resource/Infiammazione_purulenta,53,55,it,0.9999999999999432,"Wikidata:Q12136,DBpedia:Disease"
Acut.sp.,11,2,2.1_it,pus,pus,http://it.dbpedia.org/resource/Infiammazione_purulenta,59,61,it,0.9999999999999432,"Wikidata:Q12136,DBpedia:Disease"
Acut.sp.,11,2,2.0_en,pus,pus,http://dbpedia.org/resource/Pus,60,62,en,1.0,"Wikidata:Q12136,DBpedia:Disease"
Acut.sp.,11,2,2.1_en,pus,pus,http://dbpedia.org/resource/Pus,67,69,en,1.0,"Wikidata:Q12136,DBpedia:Disease"
Acut.sp.,11,2,2.2_en,Tarsus,Tarsus,"http://dbpedia.org/resource/Tarsus,_Mersin",367,370,en,0.9692578592383653,"Wikidata:Q3455524,Schema:Place,Schema:AdministrativeArea,DBpedia:Region,DBpedia:PopulatedPlace,DBpedia:Place,DBpedia:Location,DBpedia:AdministrativeRegion"
Acut.sp.,11,4,4.0_it,pleurite,pleurite,http://it.dbpedia.org/resource/Pleurite,63,65,it,0.9999999999996589,"Wikidata:Q12136,DBpedia:Disease"
Acut.sp.,11,4,4.1_it,messia,messia,http://it.dbpedia.org/resource/Messia,96,98,it,0.9955348851222506,
Acut.sp.,11,4,4.2_it,stia,stia,http://it.dbpedia.org/resource/Stia,250,253,it,0.9999467006400108,"Schema:Place,DBpedia:Place,DBpedia:Location,DBpedia:PopulatedPlace"
Acut.sp.,11,4,4.3_it,miele,miele,http://it.dbpedia.org/resource/Miele,384,387,it,0.9999999999998863,
Acut.sp.,11,4,4.4_it,febbre,febbre,http://it.dbpedia.org/resource/Febbre,467,470,it,1.0,"Wikidata:Q12136,DBpedia:Disease"
Acut.sp.,11,4,4.0_en,sternum,sternum,http://dbpedia.org/resource/Sternum,35,37,en,0.9999988769466253,"Wikidata:Q4936952,Wikidata:Q265868,DBpedia:AnatomicalStructure,DBpedia:Bone"
Acut.sp.,11,4,4.1_en,pleuritic,pleuritic,http://dbpedia.org/resource/Pleurisy,78,80,en,1.0,"Wikidata:Q12136,DBpedia:Disease"
Acut.sp.,11,4,4.2_en,messiah,messiah,http://dbpedia.org/resource/Messiah_in_Judaism,113,116,en,0.7863121212168835,
Acut.sp.,11,4,4.3_en,honey,honey,http://dbpedia.org/resource/Honey,412,415,en,0.9999999991347863,
Acut.sp.,11,5,5.0_it,urina,urina,http://it.dbpedia.org/resource/Urina,90,92,it,0.9999998403493308,
Acut.sp.,11,5,5.0_en,urine,urine,http://dbpedia.org/resource/Urine,108,111,en,0.9992120489969494,
Acut.sp.,11,6,6.0_it,espettorato,espettorato,http://it.dbpedia.org/resource/Espettorato,74,76,it,0.9999998864761388,
Acut.sp.,11,6,6.0_en,sputum,sputum,http://dbpedia.org/resource/Sputum,78,80,en,0.9997575635673667,"Wikidata:Q12136,DBpedia:Disease"
Acut.sp.,11,7,7.0_it,pus,pus,http://it.dbpedia.org/resource/Infiammazione_purulenta,36,38,it,0.9999984676540893,"Wikidata:Q12136,DBpedia:Disease"
Acut.sp.,11,7,7.0_en,pus,pus,http://dbpedia.org/resource/Pus,43,45,en,0.9999999999966889,"Wikidata:Q12136,DBpedia:Disease"
Acut.sp.,11,8,8.0_it,ipostasi,ipostasi,http://it.dbpedia.org/resource/Ipostasi,9,10,it,0.9999987773007405,
Acut.sp.,11,8,8.0_en,infrared,infrared,http://dbpedia.org/resource/Infrared,10,12,en,0.9977598898235966,
Acut.sp.,11,8,8.1_en,hypostases,hypostases,http://dbpedia.org/resource/Hypostatic_union,19,21,en,0.9442305069258746,
Acut.sp.,11,9,9.0_it,pleurite,pleurite,http://it.dbpedia.org/resource/Pleurite,198,201,it,0.9999999985114982,"Wikidata:Q12136,DBpedia:Disease"
Acut.sp.,11,9,9.1_it,collo,collo,http://it.dbpedia.org/resource/Collo,313,316,it,0.9999999999998863,
Acut.sp.,11,9,9.2_it,uomini malvagi,uomini_malvagi,http://it.dbpedia.org/resource/Uomini_della_Terra_di_Mezzo,338,341,it,0.9999999999996589,
Acut.sp.,11,9,9.0_en,fat,fat,http://dbpedia.org/resource/Fat,146,149,en,0.9999757107541707,
Acut.sp.,11,9,9.1_en,pleurisy,pleurisy,http://dbpedia.org/resource/Pleurisy,202,205,en,1.0,"Wikidata:Q12136,DBpedia:Disease"
Acut.sp.,11,9,9.2_en,torture,torture,http://dbpedia.org/resource/Torture,399,402,en,0.9999999861867083,
Acut.sp.,11,11,11.0_it,miele,miele,http://it.dbpedia.org/resource/Miele,17,19,it,0.9999999999985789,
Acut.sp.,11,11,11.1_it,pleurite,pleurite,http://it.dbpedia.org/resource/Pleurite,87,89,it,0.9999999960114678,"Wikidata:Q12136,DBpedia:Disease"
Acut.sp.,11,11,11.2_it,miele,miele,http://it.dbpedia.org/resource/Miele,159,162,it,0.9999999999985789,
Acut.sp.,11,11,11.3_it,acido,acido,http://it.dbpedia.org/resource/Acido,165,168,it,0.9840735470153671,
Acut.sp.,11,11,11.4_it,miele,miele,http://it.dbpedia.org/resource/Miele,317,320,it,0.9999999999985789,
Acut.sp.,11,11,11.0_en,bone,bone,http://dbpedia.org/resource/Bone,10,12,en,0.997373497974736,"Wikidata:Q4936952,DBpedia:AnatomicalStructure"
Acut.sp.,11,11,11.1_en,honey,honey,http://dbpedia.org/resource/Honey,24,26,en,0.9999973231488201,
Acut.sp.,11,11,11.2_en,honey,honey,http://dbpedia.org/resource/Honey,55,57,en,0.9999973231488201,
Acut.sp.,11,11,11.3_en,pleuritic,pleuritic,http://dbpedia.org/resource/Pleurisy,93,95,en,1.0,"Wikidata:Q12136,DBpedia:Disease"
Acut.sp.,11,11,11.4_en,honey,honey,http://dbpedia.org/resource/Honey,178,181,en,0.9999973231488201,
Acut.sp.,11,11,11.5_en,wine,wine,http://dbpedia.org/resource/Wine,326,329,en,0.9992589124653241,"Wikidata:Q2095,DBpedia:Food,DBpedia:Beverage"
Acut.sp.,11,11,11.6_en,honey,honey,http://dbpedia.org/resource/Honey,335,338,en,0.9999973231488201,
Acut.sp.,12,1,1.0_it,dissenteria,dissenteria,http://it.dbpedia.org/resource/Dissenteria,14,16,it,0.9999999981535552,"Wikidata:Q12136,DBpedia:Disease"
Acut.sp.,12,1,1.1_it,bianco,bianco,http://it.dbpedia.org/resource/Bianco,102,105,it,0.9932065705060964,
Acut.sp.,12,1,1.2_it,vene varicose,vene_varicose,http://it.dbpedia.org/resource/Varicosi,129,132,it,0.999999999998181,"Wikidata:Q12136,DBpedia:Disease"
Acut.sp.,12,1,1.3_it,testicoli,testicoli,http://it.dbpedia.org/resource/Testicolo,149,152,it,0.9999999994528253,
Acut.sp.,12,1,1.4_it,lombo,lombo,http://it.dbpedia.org/resource/Lombo,198,201,it,0.9999998581088322,
Acut.sp.,12,1,1.0_en,dysentery,dysentery,http://dbpedia.org/resource/Dysentery,6,7,en,0.9614601139362892,"Wikidata:Q12136,DBpedia:Disease"
Acut.sp.,12,1,1.1_en,abscess,abscess,http://dbpedia.org/resource/Abscess,16,18,en,0.9999999999850502,"Wikidata:Q12136,DBpedia:Disease"
Acut.sp.,12,1,1.2_en,varicose veins,varicose_veins,http://dbpedia.org/resource/Varicose_veins,146,149,en,1.0,"Wikidata:Q12136,DBpedia:Disease"
Acut.sp.,13,1,1.0_it,febbre,febbre,http://it.dbpedia.org/resource/Febbre,9,10,it,0.9999999546491846,"Wikidata:Q12136,DBpedia:Disease"
Acut.sp.,13,1,1.1_it,febbre,febbre,http://it.dbpedia.org/resource/Febbre,60,62,it,0.9999999546491846,"Wikidata:Q12136,DBpedia:Disease"
Acut.sp.,13,1,1.0_en,bilious fever,bilious_fever,http://dbpedia.org/resource/Bilious_fever,9,10,en,1.0,"Wikidata:Q12136,DBpedia:Disease"
Acut.sp.,13,1,1.1_en,fever,fever,http://dbpedia.org/resource/Fever,63,65,en,0.9999979172408846,"Wikidata:Q12136,DBpedia:Disease"
Acut.sp.,14,1,1.0_it,salasso,salasso,http://it.dbpedia.org/resource/Salasso,107,110,it,0.9999473295216204,
Acut.sp.,14,1,1.0_en,phlebotomy,phlebotomy,http://dbpedia.org/resource/Bloodletting,103,106,en,0.8841869096070486,
Acut.sp.,14,3,3.0_it,tendini,tendini,http://it.dbpedia.org/resource/Tendine,25,27,it,1.0,
Acut.sp.,14,3,3.1_it,collo,collo,http://it.dbpedia.org/resource/Collo,90,92,it,0.9999999987808224,
Acut.sp.,14,3,3.2_it,tendini,tendini,http://it.dbpedia.org/resource/Tendine,119,122,it,1.0,
Acut.sp.,14,3,3.3_it,febbre,febbre,http://it.dbpedia.org/resource/Febbre,246,249,it,1.0,"Wikidata:Q12136,DBpedia:Disease"
Acut.sp.,14,3,3.4_it,collo,collo,http://it.dbpedia.org/resource/Collo,554,557,it,0.9999999987808224,
Acut.sp.,14,3,3.0_en,orodes,orodes,http://dbpedia.org/resource/Orodes_II,151,154,en,0.9891609814545528,"Http://xmlns.com/foaf/0.1/Person,Wikidata:Q729,Wikidata:Q5,Wikidata:Q215627,Wikidata:Q19088,DUL:NaturalPerson,Schema:Person,DBpedia:Species,DBpedia:Person,DBpedia:Eukaryote,DBpedia:Animal,DBpedia:Royalty"
Acut.sp.,14,3,3.1_en,fever,fever,http://dbpedia.org/resource/Fever,231,234,en,0.9999997907319417,"Wikidata:Q12136,DBpedia:Disease"
Acut.sp.,14,3,3.2_en,Cretan wine,Cretan_wine,http://dbpedia.org/resource/Cretan_wine,340,343,en,0.999999999999261,
Acut.sp.,14,3,3.3_en,wax,wax,http://dbpedia.org/resource/Wax,398,401,en,0.9863388420506051,
Acut.sp.,14,3,3.4_en,lasion,lasion,http://dbpedia.org/resource/Lasion,552,555,en,0.9999999999997158,
Acut.sp.,14,4,4.0_it,fai,fai,http://it.dbpedia.org/resource/Federazione_calcistica_dell'Irlanda,164,167,it,0.606993803154547,"Wikidata:Q349,Wikidata:Q1914636,Http://www.ontologydesignpatterns.org/ont/d0.owl#Activity,DBpedia:Activity,DBpedia:Sport"
Acut.sp.,14,4,4.1_it,vendi,vendi,http://it.dbpedia.org/resource/Venedi,172,175,it,0.9999231882025053,
Acut.sp.,14,4,4.0_en,ascetic,ascetic,http://dbpedia.org/resource/Asceticism,85,87,en,0.9998072358682365,
Acut.sp.,14,5,5.0_en,wine,wine,http://dbpedia.org/resource/Wine,70,72,en,0.9914234018822654,"Wikidata:Q2095,DBpedia:Food,DBpedia:Beverage"
Acut.sp.,14,5,5.1_en,wine,wine,http://dbpedia.org/resource/Wine,216,219,en,0.9914234018822654,"Wikidata:Q2095,DBpedia:Food,DBpedia:Beverage"
Acut.sp.,15,1,1.0_en,cyst,cyst,http://dbpedia.org/resource/Cyst,74,76,en,0.988322777949351,"Wikidata:Q12136,DBpedia:Disease"
Acut.sp.,16,1,1.0_it,febbre,febbre,http://it.dbpedia.org/resource/Febbre,44,46,it,0.9999999999412239,"Wikidata:Q12136,DBpedia:Disease"
Acut.sp.,16,1,1.1_it,ascessi,ascessi,http://it.dbpedia.org/resource/Ascesso,80,82,it,0.9999723309218904,"Wikidata:Q12136,DBpedia:Disease"
Acut.sp.,16,1,1.0_en,fever,fever,http://dbpedia.org/resource/Fever,27,29,en,0.9999915882071605,"Wikidata:Q12136,DBpedia:Disease"
Acut.sp.,16,2,2.0_it,elleboro,elleboro,http://it.dbpedia.org/resource/Helleborus,59,61,it,0.9999999959571824,DBpedia:Species
Acut.sp.,16,2,2.1_it,afrodisiaci,afrodisiaci,http://it.dbpedia.org/resource/Afrodisiaco,258,261,it,0.9999999999997158,
Acut.sp.,16,2,2.0_en,hellebore,hellebore,http://dbpedia.org/resource/Hellebore,54,56,en,0.9999999996553015,
Acut.sp.,18,2,2.1_it,Stomaco,Stomaco,http://it.dbpedia.org/resource/Stomaco,86,88,it,1.0,
Acut.sp.,18,2,2.2_it,nistagmo,nistagmo,http://it.dbpedia.org/resource/Nistagmo,96,98,it,0.9999999988199306,"Wikidata:Q12136,DBpedia:Disease"
Acut.sp.,18,2,2.3_it,bianco,bianco,http://it.dbpedia.org/resource/Bianco,383,386,it,0.8864304342123095,
Acut.sp.,18,2,2.0_en,nystagmus,nystagmus,http://dbpedia.org/resource/Nystagmus,107,110,en,1.0,"Wikidata:Q12136,DBpedia:Disease"
Acut.sp.,18,2,2.1_en,wine,wine,http://dbpedia.org/resource/Wine,306,309,en,0.999140490914171,"Wikidata:Q2095,DBpedia:Food,DBpedia:Beverage"
Acut.sp.,18,2,2.2_en,wine,wine,http://dbpedia.org/resource/Wine,392,395,en,0.999140490914171,"Wikidata:Q2095,DBpedia:Food,DBpedia:Beverage"
Acut.sp.,18,4,4.0_it,ipocondria,ipocondria,http://it.dbpedia.org/resource/Ipocondria,98,100,it,0.9999999999973284,"Wikidata:Q12136,DBpedia:Disease"
Acut.sp.,18,4,4.1_it,grano,grano,http://it.dbpedia.org/resource/Triticum,332,335,it,0.9993751028597782,DBpedia:Species
Acut.sp.,18,4,4.1_en,hypochondria,hypochondria,http://dbpedia.org/resource/Hypochondriasis,107,110,en,0.9999999999226645,"Wikidata:Q12136,DBpedia:Disease"
Acut.sp.,18,4,4.2_en,wheat,wheat,http://dbpedia.org/resource/Wheat,352,355,en,0.9999890239986198,
Acut.sp.,18,5,5.0_en,headache,headache,http://dbpedia.org/resource/Headache,257,260,en,1.0,"Wikidata:Q12136,DBpedia:Disease"
Acut.sp.,18,8,8.0_it,pane,pane,http://it.dbpedia.org/resource/Pane,100,103,it,0.9999998780529115,
Acut.sp.,18,8,8.1_it,grano,grano,http://it.dbpedia.org/resource/Triticum,178,181,it,0.9974268462584157,DBpedia:Species
Acut.sp.,18,8,8.2_it,pesci,pesci,http://it.dbpedia.org/resource/Pesce,295,298,it,0.9999921818315813,DBpedia:Species
Acut.sp.,18,8,8.0_en,cabbage,cabbage,http://dbpedia.org/resource/Cabbage,112,115,en,0.9825102670283292,"Wikidata:Q756,Wikidata:Q4886,Wikidata:Q19088,DBpedia:Species,DBpedia:Plant,DBpedia:Eukaryote,DBpedia:CultivatedVariety"
Acut.sp.,18,9,9.0_en,asine,asine,http://dbpedia.org/resource/Asine,63,65,en,0.9999985164831662,
Acut.sp.,18,11,11.0_it,grano,grano,http://it.dbpedia.org/resource/Triticum,66,68,it,0.9971230448926259,DBpedia:Species
Acut.sp.,18,11,11.1_it,rende,rende,http://it.dbpedia.org/resource/Rende,77,79,it,0.9589116951816912,"Schema:Place,DBpedia:Place,DBpedia:Location,DBpedia:PopulatedPlace"
Acut.sp.,18,11,11.0_en,cheese,cheese,http://dbpedia.org/resource/Cheese,10,12,en,0.9999997719976623,
Acut.sp.,18,11,11.1_en,wheat,wheat,http://dbpedia.org/resource/Wheat,61,63,en,0.9973645668965605,
Acut.sp.,18,11,11.2_en,fat,fat,http://dbpedia.org/resource/Fat,84,86,en,0.9998197262338715,
Acut.sp.,18,12,12.0_it,umma,umma,http://it.dbpedia.org/resource/Umma_(Islam),41,43,it,0.9965736680882628,
Acut.sp.,18,13,13.0_it,grano,grano,http://it.dbpedia.org/resource/Triticum,45,47,it,0.9990157497864505,DBpedia:Species
Acut.sp.,18,13,13.0_en,wheat,wheat,http://dbpedia.org/resource/Wheat,57,59,en,0.9998986504267009,
Acut.sp.,18,16,16.0_en,lentil,lentil,http://dbpedia.org/resource/Lentil,14,16,en,0.997272801232309,
Acut.sp.,18,19,19.0_it,colera,colera,http://it.dbpedia.org/resource/Colera,9,10,it,0.9999998984980942,"Wikidata:Q12136,DBpedia:Disease"
Acut.sp.,18,19,19.1_it,colera,colera,http://it.dbpedia.org/resource/Colera,62,64,it,0.9999998984980942,"Wikidata:Q12136,DBpedia:Disease"
Acut.sp.,18,19,19.2_it,manzo,manzo,http://it.dbpedia.org/resource/Manzo,127,130,it,0.9973784899505151,
Acut.sp.,18,19,19.0_en,cholera,cholera,http://dbpedia.org/resource/Cholera,6,7,en,0.9999946504590994,"Wikidata:Q12136,DBpedia:Disease"
Acut.sp.,18,19,19.1_en,cholera,cholera,http://dbpedia.org/resource/Cholera,67,69,en,0.9999946504590994,"Wikidata:Q12136,DBpedia:Disease"
Acut.sp.,18,19,19.2_en,cheese,cheese,http://dbpedia.org/resource/Cheese,111,114,en,0.9999602432748957,
Acut.sp.,18,19,19.3_en,beef,beef,http://dbpedia.org/resource/Beef,121,124,en,0.9993522518774329,
Acut.sp.,18,20,20.0_en,beef,beef,http://dbpedia.org/resource/Beef,60,62,en,0.9923568546682885,
Acut.sp.,18,22,22.0_en,fresh meat,fresh_meat,http://dbpedia.org/resource/Jeffree_Star,10,12,en,0.755238902000915,"Http://xmlns.com/foaf/0.1/Person,Wikidata:Q729,Wikidata:Q5,Wikidata:Q215627,Wikidata:Q19088,DUL:NaturalPerson,Schema:Person,DBpedia:Species,DBpedia:Eukaryote,DBpedia:Animal,DBpedia:Person"
Acut.sp.,18,23,23.0_it,colera,colera,http://it.dbpedia.org/resource/Colera,42,44,it,0.9999999966362907,"Wikidata:Q12136,DBpedia:Disease"
Acut.sp.,18,23,23.0_en,cholera,cholera,http://dbpedia.org/resource/Cholera,50,52,en,0.999998712676846,"Wikidata:Q12136,DBpedia:Disease"
Acut.sp.,18,24,24.0_it,collo,collo,http://it.dbpedia.org/resource/Collo,61,63,it,0.9999942745503656,
Acut.sp.,18,24,24.1_it,colera,colera,http://it.dbpedia.org/resource/Colera,84,86,it,0.9999998360662367,"Wikidata:Q12136,DBpedia:Disease"
Acut.sp.,18,24,24.0_en,pig,pig,http://dbpedia.org/resource/Pig,14,16,en,0.9987449263668876,
Acut.sp.,18,24,24.1_en,cholera,cholera,http://dbpedia.org/resource/Cholera,72,74,en,0.9999900264895962,"Wikidata:Q12136,DBpedia:Disease"
Acut.sp.,18,25,25.0_it,Ed,Ed,http://it.dbpedia.org/resource/Personaggi_di_Un_medico_tra_gli_orsi,6,7,it,0.8233610853545522,
Acut.sp.,18,26,26.0_en,pion,pion,http://dbpedia.org/resource/Pion,46,48,en,0.9999999999979821,
Acut.sp.,18,26,26.1_en,hypothermic,hypothermic,http://dbpedia.org/resource/Hypothermia,155,158,en,0.9999999999991473,"Wikidata:Q12136,DBpedia:Disease"
Acut.sp.,19,1,1.0_it,colera,colera,http://it.dbpedia.org/resource/Colera,16,18,it,0.9999999820487347,"Wikidata:Q12136,DBpedia:Disease"
Acut.sp.,19,1,1.1_it,lombo,lombo,http://it.dbpedia.org/resource/Lombo,92,94,it,0.999998078858878,
Acut.sp.,19,1,1.0_en,cholera,cholera,http://dbpedia.org/resource/Cholera,19,21,en,0.9999986133159617,"Wikidata:Q12136,DBpedia:Disease"
Acut.sp.,19,5,5.0_en,wine,wine,http://dbpedia.org/resource/Wine,73,75,en,0.9994883940117903,"Wikidata:Q2095,DBpedia:Food,DBpedia:Beverage"
Acut.sp.,19,6,6.0_it,grano,grano,http://it.dbpedia.org/resource/Triticum,12,14,it,0.9988624142715838,DBpedia:Species
Acut.sp.,19,6,6.0_en,wheat,wheat,http://dbpedia.org/resource/Wheat,10,12,en,0.9998627135900648,
Acut.sp.,19,7,7.0_en,milk,milk,http://dbpedia.org/resource/Milk,55,57,en,0.9996991021782491,
Acut.sp.,19,8,8.0_it,addome,addome,http://it.dbpedia.org/resource/Addome,14,16,it,0.9983731353934864,
Acut.sp.,19,8,8.1_it,bile,bile,http://it.dbpedia.org/resource/Bile,36,38,it,0.9921992820271229,
Acut.sp.,19,8,8.2_it,vomito,vomito,http://it.dbpedia.org/resource/Vomito,75,77,it,0.9999999999998295,"Wikidata:Q12136,DBpedia:Disease"
Acut.sp.,19,8,8.0_en,bile,bile,http://dbpedia.org/resource/Bile,39,41,en,0.9998663045923846,
Acut.sp.,19,8,8.1_en,vomiting,vomiting,http://dbpedia.org/resource/Vomiting,74,76,en,0.9997589211082862,"Wikidata:Q12136,DBpedia:Disease"
Acut.sp.,20,1,1.0_en,Hydroponic,Hydroponic,http://dbpedia.org/resource/Hydroponics,6,7,en,0.9999999999979536,
Acut.sp.,20,2,2.0_it,enfisema,enfisema,http://it.dbpedia.org/resource/Enfisema,45,47,it,0.9998111017783604,"Wikidata:Q12136,DBpedia:Disease"
Acut.sp.,20,3,3.0_it,Roma,Roma,http://it.dbpedia.org/resource/Roma,78,80,it,0.9999201141587511,"Schema:Place,DBpedia:Place,DBpedia:Location,DBpedia:PopulatedPlace"
Acut.sp.,20,3,3.1_it,pane,pane,http://it.dbpedia.org/resource/Pane,128,131,it,0.999999842231956,
Acut.sp.,20,3,3.2_it,olio,olio,http://it.dbpedia.org/resource/Olio_di_oliva,162,165,it,0.6980139771742686,
Acut.sp.,20,3,3.0_en,Rome,Rome,http://dbpedia.org/resource/Rome,89,91,en,0.9569582121803695,"Wikidata:Q515,Wikidata:Q486972,Schema:Place,Schema:City,DBpedia:Settlement,DBpedia:PopulatedPlace,DBpedia:Place,DBpedia:Location,DBpedia:City"
Acut.sp.,20,3,3.1_en,wine,wine,http://dbpedia.org/resource/Wine,154,157,en,0.997603725292865,"Wikidata:Q2095,DBpedia:Food,DBpedia:Beverage"
Acut.sp.,21,1,1.0_it,elleboro,elleboro,http://it.dbpedia.org/resource/Helleborus,171,174,it,0.9999999985413979,DBpedia:Species
Acut.sp.,21,1,1.1_it,porridge,porridge,http://it.dbpedia.org/resource/Porridge,194,197,it,0.9999999770964225,
Acut.sp.,21,1,1.2_it,pesci,pesci,http://it.dbpedia.org/resource/Pesce,290,293,it,0.999999667082703,DBpedia:Species
Acut.sp.,21,1,1.3_it,mirto,mirto,http://it.dbpedia.org/resource/Myrtus_communis,375,378,it,0.9992180586001002,DBpedia:Species
Acut.sp.,21,1,1.0_en,hellebore,hellebore,http://dbpedia.org/resource/Hellebore,177,180,en,1.0,
Acut.sp.,21,1,1.1_en,porridge,porridge,http://dbpedia.org/resource/Porridge,203,206,en,0.9999987373555554,"Wikidata:Q2095,DBpedia:Food"
Acut.sp.,21,1,1.2_en,wine,wine,http://dbpedia.org/resource/Wine,348,351,en,0.999968719342688,"Wikidata:Q2095,DBpedia:Food,DBpedia:Beverage"
Acut.sp.,21,1,1.3_en,vine,vine,http://dbpedia.org/resource/Vine,431,434,en,0.9939397568821113,
Acut.sp.,21,2,2.0_it,febbre,febbre,http://it.dbpedia.org/resource/Febbre,22,24,it,0.9999992241498913,"Wikidata:Q12136,DBpedia:Disease"
Acut.sp.,21,2,2.0_en,fever,fever,http://dbpedia.org/resource/Fever,32,34,en,0.9999195039432525,"Wikidata:Q12136,DBpedia:Disease"
Acut.sp.,21,2,2.1_en,milk,milk,http://dbpedia.org/resource/Milk,64,66,en,0.9997819359995688,
Acut.sp.,21,3,3.0_en,milk,milk,http://dbpedia.org/resource/Milk,252,255,en,0.9662178842102441,
Acut.sp.,22,2,2.0_it,grano,grano,http://it.dbpedia.org/resource/Triticum,89,91,it,0.9987490550538954,DBpedia:Species
Acut.sp.,23,1,1.0_it,eterni,eterni,http://it.dbpedia.org/resource/Eterni_(Marvel_Comics),120,123,it,0.7175943513390616,"Wikidata:Q95074,Wikidata:Q24229398,DUL:Agent,DBpedia:Agent,DBpedia:FictionalCharacter"
Acut.sp.,23,1,1.1_it,afrodisiaci,afrodisiaci,http://it.dbpedia.org/resource/Afrodisiaco,133,136,it,0.9999999999820943,
Acut.sp.,23,1,1.2_it,ipocondrio,ipocondrio,http://it.dbpedia.org/resource/Ipocondrio,238,241,it,0.9999999978816163,
Acut.sp.,23,1,1.1_en,pneumatodes,pneumatodes,http://dbpedia.org/resource/Pneumatode,173,176,en,0.9999999442168261,
Acut.sp.,23,1,1.2_en,hypochondria,hypochondria,http://dbpedia.org/resource/Hypochondriasis,248,251,en,1.0,"Wikidata:Q12136,DBpedia:Disease"
Acut.sp.,23,2,2.0_it,inguine,inguine,http://it.dbpedia.org/resource/Regione_inguinale,38,40,it,0.9999996722537472,
Acut.sp.,23,2,2.1_it,enfisema,enfisema,http://it.dbpedia.org/resource/Enfisema,68,70,it,0.999797072836892,"Wikidata:Q12136,DBpedia:Disease"
Acut.sp.,23,2,2.0_en,emphysema,emphysema,http://dbpedia.org/resource/Emphysema,72,74,en,0.996664729898649,"Wikidata:Q12136,DBpedia:Disease"
Acut.sp.,24,1,1.0_en,wine,wine,http://dbpedia.org/resource/Wine,153,156,en,0.9987253169285976,"Wikidata:Q2095,DBpedia:Food,DBpedia:Beverage"
Acut.sp.,24,3,3.0_it,clistere,clistere,http://it.dbpedia.org/resource/Clistere,49,51,it,0.9999996645588277,
Acut.sp.,24,3,3.0_en,enema,enema,http://dbpedia.org/resource/Enema,53,55,en,0.9999999977100771,
Acut.sp.,25,1,1.1_it,Elleboro,Elleboro,http://it.dbpedia.org/resource/Helleborus,61,63,it,0.9999999943196656,DBpedia:Species
Acut.sp.,25,4,4.0_it,urina,urina,http://it.dbpedia.org/resource/Urina,55,57,it,0.999999999787974,
Acut.sp.,25,4,4.0_en,urine,urine,http://dbpedia.org/resource/Urine,61,63,en,0.9998024502075591,
Acut.sp.,25,4,4.1_en,sweat,sweat,http://dbpedia.org/resource/Perspiration,71,73,en,0.9999984199167193,"Wikidata:Q12136,DBpedia:Disease"
Acut.sp.,26,1,1.0_it,api,api,http://it.dbpedia.org/resource/Apis_mellifera,24,26,it,0.7721419250780192,DBpedia:Species
Acut.sp.,27,2,2.1_it,fico,fico,http://it.dbpedia.org/resource/Ficus_carica,25,27,it,0.9671954094032248,DBpedia:Species
Acut.sp.,27,2,2.2_it,calcite,calcite,http://it.dbpedia.org/resource/Calcite,77,79,it,0.9999977245650793,"Wikidata:Q7946,DUL:ChemicalObject,DBpedia:ChemicalSubstance,DBpedia:Mineral"
Acut.sp.,27,2,2.0_en,fig,fig,http://dbpedia.org/resource/Ficus,25,27,en,0.8881157099160712,
Acut.sp.,27,2,2.1_en,Cartilage,Cartilage,http://dbpedia.org/resource/Cartilage,124,127,en,0.9999999999998863,"Wikidata:Q4936952,DBpedia:AnatomicalStructure"
Acut.sp.,28,1,1.0_it,ano,ano,http://it.dbpedia.org/resource/Ano,17,19,it,0.9999995640676884,
Acut.sp.,28,1,1.1_it,dracma,dracma,http://it.dbpedia.org/resource/Dracma,50,52,it,0.9977512740016852,
Acut.sp.,28,1,1.1_en,Sesamoides,Sesamoides,http://dbpedia.org/resource/Sesamoides,6,7,en,0.9999978882017461,
Acut.sp.,28,1,1.2_en,drachm,drachm,http://dbpedia.org/resource/Greek_drachma,50,52,en,0.9999999261404496,DBpedia:Currency
Acut.sp.,29,2,2.0_en,eyelid,eyelid,http://dbpedia.org/resource/Eyelid,124,127,en,0.9999999939292934,
Acut.sp.,29,3,3.0_it,emorroidi,emorroidi,http://it.dbpedia.org/resource/Emorroidi,11,13,it,0.9999999988394279,"Wikidata:Q12136,DBpedia:Disease"
Acut.sp.,29,3,3.1_it,forano,forano,http://it.dbpedia.org/resource/Forano,38,40,it,0.9999977274229893,"Schema:Place,DBpedia:Place,DBpedia:Location,DBpedia:PopulatedPlace"
Acut.sp.,29,3,3.2_it,milza,milza,http://it.dbpedia.org/resource/Milza,81,83,it,0.9999900430875102,
Acut.sp.,29,3,3.0_en,hemorrhoids,hemorrhoids,http://dbpedia.org/resource/Hemorrhoid,14,16,en,1.0,"Wikidata:Q12136,DBpedia:Disease"
Acut.sp.,29,3,3.1_en,spleen,spleen,http://dbpedia.org/resource/Spleen,89,91,en,0.9997833159977432,"Wikidata:Q4936952,DBpedia:AnatomicalStructure"
Acut.sp.,29,4,4.0_en,oregano,oregano,http://dbpedia.org/resource/Oregano,166,169,en,0.9999469113812892,
Acut.sp.,29,5,5.0_en,wine,wine,http://dbpedia.org/resource/Wine,20,22,en,0.9991809143651396,"Wikidata:Q2095,DBpedia:Food,DBpedia:Beverage"
Acut.sp.,30,1,1.0_it,cumino,cumino,http://it.dbpedia.org/resource/Cuminum_cyminum,182,185,it,0.9999999999697593,DBpedia:Species
Acut.sp.,30,1,1.1_it,bianco,bianco,http://it.dbpedia.org/resource/Vino_bianco,213,216,it,0.9999524906554952,
Acut.sp.,30,1,1.2_it,mandorle,mandorle,http://it.dbpedia.org/resource/Mandorla,222,225,it,0.999999999973511,
Acut.sp.,30,1,1.3_it,miele,miele,http://it.dbpedia.org/resource/Miele,251,254,it,1.0,
Acut.sp.,30,1,1.4_it,eclittica,eclittica,http://it.dbpedia.org/resource/Eclittica,261,264,it,0.9999906034884504,
Acut.sp.,30,1,1.5_it,bianco,bianco,http://it.dbpedia.org/resource/Vino_bianco,327,330,it,0.9999524906554952,
Acut.sp.,30,1,1.6_it,lago,lago,http://it.dbpedia.org/resource/Lago,363,366,it,0.9817532131377672,
Acut.sp.,30,1,1.7_it,Satana,Satana,http://it.dbpedia.org/resource/Satana,401,404,it,0.9999948055098766,
Acut.sp.,30,1,1.8_it,miele,miele,http://it.dbpedia.org/resource/Miele,431,434,it,1.0,
Acut.sp.,30,1,1.0_en,cumin,cumin,http://dbpedia.org/resource/Cumin,202,205,en,1.0,
Acut.sp.,30,1,1.1_en,honey,honey,http://dbpedia.org/resource/Honey,261,264,en,1.0,
Acut.sp.,30,1,1.2_en,ecliptic,ecliptic,http://dbpedia.org/resource/Ecliptic,271,274,en,0.9993565741537701,
Acut.sp.,30,1,1.3_en,wine,wine,http://dbpedia.org/resource/Wine,313,316,en,0.9999980318339154,"Wikidata:Q2095,DBpedia:Food,DBpedia:Beverage"
Acut.sp.,30,1,1.4_en,Satan,Satan,http://dbpedia.org/resource/Satan,393,396,en,0.9992955759988755,
Acut.sp.,30,1,1.5_en,honey,honey,http://dbpedia.org/resource/Honey,420,423,en,1.0,
Acut.sp.,31,1,1.0_it,dissenteria,dissenteria,http://it.dbpedia.org/resource/Dissenteria,6,7,it,0.9999995864508409,"Wikidata:Q12136,DBpedia:Disease"
Acut.sp.,31,1,1.0_en,dysentery,dysentery,http://dbpedia.org/resource/Dysentery,6,7,en,0.9999281150874689,"Wikidata:Q12136,DBpedia:Disease"
Acut.sp.,31,2,2.0_en,cloves,cloves,http://dbpedia.org/resource/Clove,25,27,en,0.9999999999999716,
Acut.sp.,32,1,1.0_en,fat,fat,http://dbpedia.org/resource/Fat,43,45,en,0.9999188762220008,
Acut.sp.,32,1,1.1_en,canthus,canthus,http://dbpedia.org/resource/Canthus,230,233,en,0.9999994912824819,"Wikidata:Q4936952,DBpedia:AnatomicalStructure"
Acut.sp.,33,1,1.0_it,dracma,dracma,http://it.dbpedia.org/resource/Dracma,22,24,it,0.9999911585187881,
Acut.sp.,33,1,1.1_it,rame,rame,http://it.dbpedia.org/resource/Rame,44,46,it,0.9999998628079633,
Acut.sp.,33,1,1.2_it,incudine,incudine,http://it.dbpedia.org/resource/Incudine,63,65,it,0.9999997848970228,
Acut.sp.,33,1,1.0_en,drachma,drachma,http://dbpedia.org/resource/Greek_drachma,23,25,en,1.0,DBpedia:Currency
Acut.sp.,33,1,1.1_en,copper,copper,http://dbpedia.org/resource/Copper,56,58,en,0.9995689628897931,
Acut.sp.,33,1,1.2_en,anvil,anvil,http://dbpedia.org/resource/Anvil,69,71,en,0.9999452406988076,
Acut.sp.,33,1,1.3_en,saffron,saffron,http://dbpedia.org/resource/Saffron,86,88,en,1.0,
Acut.sp.,33,1,1.4_en,Attic,Attic,http://dbpedia.org/resource/Attica,127,130,en,0.9881981357411304,"Wikidata:Q3455524,Schema:Place,Schema:AdministrativeArea,DBpedia:Region,DBpedia:PopulatedPlace,DBpedia:Place,DBpedia:Location,DBpedia:AdministrativeRegion"
Acut.sp.,33,1,1.5_en,wine,wine,http://dbpedia.org/resource/Wine,133,136,en,0.9993693901187273,"Wikidata:Q2095,DBpedia:Food,DBpedia:Beverage"
Acut.sp.,34,1,1.0_it,dracma,dracma,http://it.dbpedia.org/resource/Dracma,27,29,it,0.9970823029257848,
Acut.sp.,34,1,1.1_it,mirra,mirra,http://it.dbpedia.org/resource/Mirra,79,81,it,0.9999999969937221,
Acut.sp.,34,1,1.2_it,tuorlo,tuorlo,http://it.dbpedia.org/resource/Tuorlo,90,92,it,0.9999999998371436,
Acut.sp.,34,1,1.3_it,malto,malto,http://it.dbpedia.org/resource/Malto,112,115,it,0.9999999922713414,
Acut.sp.,34,1,1.4_it,rame,rame,http://it.dbpedia.org/resource/Rame,187,190,it,0.9999999946485332,
Acut.sp.,34,1,1.0_en,drachm,drachm,http://dbpedia.org/resource/Greek_drachma,29,31,en,0.9997252856088391,DBpedia:Currency
Acut.sp.,34,1,1.1_en,chalk,chalk,http://dbpedia.org/resource/Chalk,39,41,en,0.999657159024995,
Acut.sp.,34,1,1.2_en,grape,grape,http://dbpedia.org/resource/Grape,51,53,en,0.9999579509432983,
Acut.sp.,34,1,1.3_en,myrrh,myrrh,http://dbpedia.org/resource/Myrrh,78,80,en,0.9999999999910187,
Acut.sp.,34,1,1.4_en,yolk,yolk,http://dbpedia.org/resource/Yolk,88,90,en,0.9999884222268679,
Acut.sp.,34,1,1.5_en,malt,malt,http://dbpedia.org/resource/Malt,108,111,en,0.9991339849615319,
Acut.sp.,34,1,1.6_en,copper,copper,http://dbpedia.org/resource/Copper,204,207,en,0.9999947611326215,
Acut.sp.,36,1,1.0_en,Attic,Attic,http://dbpedia.org/resource/Attic_Greek,46,48,en,0.909065229372833,"Wikidata:Q315,Schema:Language,DBpedia:Language"
Acut.sp.,37,1,1.0_en,vagrant,vagrant,http://dbpedia.org/resource/Vagrancy,44,46,en,0.998402235076903,
Acut.sp.,38,1,1.0_it,grano,grano,http://it.dbpedia.org/resource/Triticum,128,131,it,0.9974282478599149,DBpedia:Species
Acut.sp.,38,1,1.0_en,sheaf,sheaf,http://dbpedia.org/resource/Sheaf_(mathematics),115,118,en,0.9932621235193823,
Acut.sp.,38,1,1.1_en,wheat,wheat,http://dbpedia.org/resource/Wheat,132,135,en,0.9997618269231657,
Acut.sp.,39,1,1.0_it,meconio,meconio,http://it.dbpedia.org/resource/Meconio,11,13,it,0.9999996798135216,
Acut.sp.,39,1,1.1_it,afidi,afidi,http://it.dbpedia.org/resource/Aphidoidea,52,54,it,0.9998514520298843,DBpedia:Species
Acut.sp.,39,1,1.0_en,meconium,meconium,http://dbpedia.org/resource/Meconium,14,16,en,0.9999999003591761,"Wikidata:Q12136,DBpedia:Disease"
Acut.sp.,39,2,2.0_it,miele,miele,http://it.dbpedia.org/resource/Miele,45,47,it,1.0,
Acut.sp.,39,2,2.0_en,honey,honey,http://dbpedia.org/resource/Honey,44,46,en,0.9999999997068585,
Acut.sp.,39,2,2.1_en,wine,wine,http://dbpedia.org/resource/Wine,98,100,en,0.9997414517604563,"Wikidata:Q2095,DBpedia:Food,DBpedia:Beverage"
Acut.sp.,39,2,2.2_en,wood pulp,wood_pulp,http://dbpedia.org/resource/Pulp_(paper),153,156,en,0.9999998778324727,
Acut.sp.,1,11,11.0_it,vulva,vulva,https://www.wikidata.org/wiki/Q2192288,171,176,it,0.7516,['loc']
Acut.sp.,9,5,5.0_en,hypochondria,hypochondria,https://www.wikidata.org/wiki/Q105434,296,308,en,0.9105,['gpe']
Acut.sp.,10,5,5.0_en,atar,atar,https://www.wikidata.org/wiki/Q3272422,524,528,en,0.6661,['org']
Acut.sp.,14,5,5.0_it,Insisto,Insisto,https://www.wikidata.org/wiki/Q3799167,228,235,it,0.6733,['per']
Acut.sp.,18,2,2.0_it,Stomaco,Stomaco,https://www.wikidata.org/wiki/Q1029907,86,93,it,0.7007,['loc']
Acut.sp.,18,4,4.0_en,hypochondria,hypochondria,https://www.wikidata.org/wiki/Q105434,107,119,en,0.9105,['gpe']
Acut.sp.,23,1,1.0_en,hypochondria,hypochondria,https://www.wikidata.org/wiki/Q105434,248,260,en,0.9105,['gpe']
Acut.sp.,25,1,1.0_it,Elleboro,Elleboro,https://www.wikidata.org/wiki/Q147289,61,69,it,0.7178,['loc']
Acut.sp.,25,1,1.0_en,Hellebore,Hellebore,https://www.wikidata.org/wiki/Q147289,60,69,en,0.6989,['org']
Acut.sp.,27,2,2.0_it,Cartilagine,Cartilagine,https://www.wikidata.org/wiki/Q502730,102,113,it,0.6599,['loc']
Acut.sp.,28,1,1.0_en,Sesamoides,Sesamoides,https://www.wikidata.org/wiki/Q3817895,6,16,en,0.9027,['norp']
